sample_id	cells	groups	lr	ess_core_seconds	official_core_seconds	official_process_wall_seconds	official_peak_rss_gib	official_exceeded_120_gib	ess_records	official_records	active_jaccard	max_abs_probability_difference	exact_pvalue_fraction	max_abs_pvalue_difference	significance_disagreements
THD0008	69227	46	37	2.453	9292.437	9364	115.795715332031	FALSE	21332	21332	1	2.10335221462188e-16	1	0	0
THD0011	25364	42	37	0.531999999999996	657.031	721.73	24.3819274902344	FALSE	9413	9413	1	4.64038529823796e-17	1	0	0
TILD028LA	24813	43	37	0.672000000000011	976.64	1040.9	28.5926361083984	FALSE	13630	13630	1	5.42101086242752e-17	1	0	0
TILD049MA	11140	44	37	0.277000000000001	238.027	302.61	18.8658790588379	FALSE	10924	10924	1	1.38777878078145e-17	1	0	0
TILD080LA	51212	44	37	1.62400000000001	5448.803	5514	77.7001876831055	FALSE	21368	21368	1	2.29850860566927e-17	1	0	0
TILD111LA	29566	44	37	0.739999999999995	1510.284	1574.53	33.2654762268066	FALSE	14289	14289	1	5.89805981832114e-17	1	0	0
TILD113LA	24202	44	37	0.531000000000006	1009.214	1073.19	26.3916053771973	FALSE	14923	14923	1	2.29850860566927e-17	1	0	0
TILD117MA1	49231	44	37	1.521	4625.82	4690	70.2728576660156	FALSE	23074	23074	1	5.76795555762288e-17	1	0	0
TILD117MA2	35271	45	37	0.971999999999994	1903.456	1967.91	36.5479621887207	FALSE	20170	20170	1	5.89805981832114e-17	1	0	0
TILD130LA	24547	44	37	0.654999999999987	1114.661	1178.8	28.8358879089355	FALSE	17475	17475	1	4.98732999343332e-17	1	0	0
TILD167LA	15870	44	37	0.341000000000008	351.738	415.78	20.4213829040527	FALSE	10769	10769	1	2.42861286636753e-17	1	0	0
TILD175MA	35887	44	37	1.02600000000001	1827.002	1891.27	35.6042327880859	FALSE	20806	20806	1	3.77302356024956e-17	1	0	0
TILD299MA	52992	46	37	1.703	4989.679	5055	72.7187690734863	FALSE	23150	23150	1	2.08166817117217e-17	1	0	0
TILD315MA	37361	45	37	1.021	2115.307	2179.35	38.219482421875	FALSE	19394	19394	1	1.45716771982052e-16	1	0	0
VUHD038	5941	40	37	0.102000000000004	130.222	192.96	17.2356147766113	FALSE	3642	3642	1	2.51534904016637e-17	1	0	0
VUHD049	22688	43	37	0.512999999999991	632.108	696.14	23.554515838623	FALSE	10448	10448	1	3.07913416985883e-17	1	0	0
VUHD069	19976	43	37	0.501999999999995	655.334	720.16	24.2015914916992	FALSE	10229	10229	1	3.81639164714898e-17	1	0	0
VUHD090	16110	43	37	0.308000000000007	427.922	492.28	20.3996887207031	FALSE	7662	7662	1	3.16587034365767e-17	1	0	0
VUHD095	11442	38	37	0.269000000000005	238.495	303.05	19.0555763244629	FALSE	8637	8637	1	9.97465998686664e-18	1	0	0
VUHD113	12870	35	37	0.277000000000001	346.857	412.29	20.3053512573242	FALSE	7407	7407	1	3.81639164714898e-17	1	0	0
VUHD116A	12372	42	37	0.332000000000008	352.622	428.48	19.7082405090332	FALSE	9328	9328	1	1.49619899803e-17	1	0	0
VUHD116B	29147	39	37	0.787999999999997	1172.296	1236.44	30.9907836914062	FALSE	11119	11119	1	3.62123525610158e-17	1	0	0
VUILD102LA	26364	43	37	0.718000000000004	1670.898	1735.28	33.5126571655273	FALSE	13822	13822	1	4.9439619065339e-17	1	0	0
VUILD102MA	31517	41	37	0.846000000000004	2754.917	2819.76	43.069953918457	FALSE	14609	14609	1	2.64545330086463e-17	1	0	0
VUILD104MA1	35502	44	37	1.143	2290.026	2354.19	40.6898307800293	FALSE	18709	18709	1	3.55618312575245e-17	1	0	0
VUILD104MA2	37764	45	37	0.921999999999997	1748.471	1812.57	35.2260894775391	FALSE	18222	18222	1	4.03323208164608e-17	1	0	0
VUILD105MA1	21108	45	37	0.626999999999995	867.486	931.52	25.6013107299805	FALSE	16171	16171	1	2.94902990916057e-17	1	0	0
VUILD105MA2	21178	43	37	0.542000000000002	668.996	733.36	24.2949447631836	FALSE	12269	12269	1	2.40692882291782e-17	1	0	0
VUILD107MA	68413	46	37	2.375	8599.314	8670	117.023036956787	FALSE	25700	25700	1	5.72458747072346e-17	1	0	0
VUILD141MA	34702	43	37	0.631	807.939	871.97	29.8335914611816	FALSE	10452	10452	1	8.02309607639273e-18	1	0	0
VUILD142MA	9222	40	37	0.131	139.564	202.65	18.0232009887695	FALSE	3386	3386	1	3.90312782094782e-18	0.999704666272888	0.0499999999999999	0
VUILD48LA1	20819	41	37	0.570999999999998	796.091	860.61	24.4857902526855	FALSE	14297	14297	1	2.08166817117217e-17	1	0	0
VUILD48LA2	30302	40	37	0.832999999999998	1585.607	1649.73	31.9439582824707	FALSE	16153	16153	1	2.29850860566927e-17	1	0	0
VUILD49LA	38280	41	37	1.05	2389.772	2453.48	41.908618927002	FALSE	14951	14951	1	1.24032728532342e-16	1	0	0
VUILD58MA	56733	44	37	1.26899999999999	2215.429	2280.75	47.806037902832	FALSE	15682	15682	1	5.5944832100252e-17	1	0	0
VUILD78LA	26235	44	37	0.676000000000002	973.57	1038.3	30.1245307922363	FALSE	12981	12981	1	2.29850860566927e-17	1	0	0
VUILD78MA	35306	43	37	0.771000000000001	1085.199	1149.59	31.8931732177734	FALSE	13616	13616	1	1.38777878078145e-17	1	0	0
VUILD91LA	15468	43	37	0.408999999999992	595.686	659.68	22.3358268737793	FALSE	13280	13280	1	1.01915004213637e-17	1	0	0
VUILD91MA	24553	41	37	0.687999999999988	1464.537	1528.94	31.0656661987305	FALSE	14000	14000	1	1.36609473733174e-17	1	0	0
VUILD96LA	44367	43	37	1.224	3176.582	3241.36	49.1714172363281	FALSE	19322	19322	1	5.3776427755281e-17	1	0	0
VUILD96MA	56478	44	37	1.523	4893.662	4958	64.1408576965332	FALSE	16602	16602	1	3.68628738645072e-17	1	0	0
