dataset	technology	fixture	sampling_design	N	N_squared	E	mean_out_degree	graph_density	graph_density_percent	sparsity_fraction	pair_reduction_factor	N_times_N_minus_1	interaction_range	contact_range	tol	ratio	effective_radius_um	offset_count	neighbor_count	distance_count	offset_bytes	neighbor_bytes	distance_bytes	csr_total_bytes	csr_total_MB	raw_core_array_bytes	csr_core_object_bytes	weights_bytes	degree_bytes	weighted_degree_bytes	metadata_code_bytes	all_numeric_array_bytes	all_numeric_object_bytes	graph_object_bytes	dense_float64_bytes	dense_float64_GB	dense_float32_bytes	dense_to_csr_ratio	dense_to_all_numeric_ratio	isolated_cells	degree_min	degree_median	degree_q95	degree_max	zero_distance_edges	self_edges	source_file	graph_source_type	coordinate_file	coordinate_sha256	source_sha256	validation_status	graph_metric_seconds	notes	array_storage_source_file	array_storage_source_sha256
CosMx CancerousLiver	CosMx	cosmx_250	nested_central	250	62500	4308	17.232	0.068928	6.8928	0.931072	14.507892293407613	62250	30	10	5	1	35	251	4308	4308	2008	17232	34464	53704	0.053704	53704	53848	34464	2000	2000	2000	94168	94552	116112	500000	0.0005	250000	9.31029346044987	5.30965933225724	0	3	17	29	35	0	0	results/tables/inference_summary.tsv	other	/home/dzf/cellchat_acceleration/analysis/spatial_sparsity_validation_20260922/data/coordinates/cosmx_250.rds	8f68abbb57fe2c0f48e40f6a117bd05c5a58aa28967ca0aa118f6d9389dbc209	8f8849ab2b79ba8d44938086add1d49ede0c6db259c58e9b3c97a2606bc43d5e	PASS	3.054	N/E: SpatialESS 0.1.4 run; array storage: measured CSR arrays, geometry and radius identified by fixture.	/data/dzf/SecAct_2026/results/spatialcellchat_v3_headtohead/secact_cosmx_v3_common_fixture.rds	84fcfd02acd9368975226bafb0e07ab07fdaa71928a9e5118bba030746f32636
CosMx CancerousLiver	CosMx	cosmx_1000	nested_central	1000	1000000	18658	18.658	0.018658	1.8658	0.981342	53.59631257369493	999000	30	10	5	1	35	1001	18658	18658	8008	74632	149264	231904	0.231904	231904	232048	149264	8000	8000	8000	405168	405552	481112	8000000	0.008	4000000	34.4970332551401	19.7448959443984	0	3	18	30.05	37	0	0	results/tables/inference_summary.tsv	other	/home/dzf/cellchat_acceleration/analysis/spatial_sparsity_validation_20260922/data/coordinates/cosmx_1000.rds	2f8ba51d99366c0ed001ed09713e8ca6075496bf49fef87664f8e23480ea9586	8f8849ab2b79ba8d44938086add1d49ede0c6db259c58e9b3c97a2606bc43d5e	PASS	3.126	N/E: SpatialESS 0.1.4 run; array storage: measured CSR arrays, geometry and radius identified by fixture.	/data/dzf/SecAct_2026/results/spatialcellchat_v3_headtohead/secact_cosmx_v3_common_fixture.rds	84fcfd02acd9368975226bafb0e07ab07fdaa71928a9e5118bba030746f32636
CosMx CancerousLiver	CosMx	cosmx_5000	nested_central	5000	25000000	86130	17.226	0.0034452	0.34452	0.9965548	290.2589109485661	24995000	30	10	5	1	35	5001	86130	86130	40008	344520	689040	1073568	1.073568	1073568	1073712	689040	40000	40000	40000	1882608	1882992	2246552	200000000	0.2	100000000	186.294673462696	106.235605075512	1	0	17	27.0500000000002	37	0	0	results/tables/inference_summary.tsv	other	/home/dzf/cellchat_acceleration/analysis/spatial_sparsity_validation_20260922/data/coordinates/cosmx_5000.rds	69ada860fda178023e8be37836bc8c122c9eb390ce2ed3167048136f04c64d5e	8f8849ab2b79ba8d44938086add1d49ede0c6db259c58e9b3c97a2606bc43d5e	PASS	3.041	N/E: SpatialESS 0.1.4 run; array storage: measured CSR arrays, geometry and radius identified by fixture.	/data/dzf/SecAct_2026/results/spatialcellchat_v3_headtohead/secact_cosmx_v3_common_fixture.rds	84fcfd02acd9368975226bafb0e07ab07fdaa71928a9e5118bba030746f32636
CosMx CancerousLiver	CosMx	cosmx_10000	nested_central	10000	100000000	172148	17.2148	0.00172148	0.172148	0.99827852	580.8955085159281	99990000	30	10	5	1	35	10001	172148	172148	80008	688592	1377184	2145784	2.145784	2145784	2145928	1377184	80000	80000	80000	3762968	3763352	4486912	800000000	0.8	400000000	372.824105315353	212.598140616662	0	1	17	27	37	0	0	results/tables/inference_summary.tsv	other	/home/dzf/cellchat_acceleration/analysis/spatial_sparsity_validation_20260922/data/coordinates/cosmx_10000.rds	d694ed5b202557e70692ed8ddbc4c903f5b550bf7886fb4c66fdd7f32be0ab61	8f8849ab2b79ba8d44938086add1d49ede0c6db259c58e9b3c97a2606bc43d5e	PASS	3.1	N/E: SpatialESS 0.1.4 run; array storage: measured CSR arrays, geometry and radius identified by fixture.	/data/dzf/SecAct_2026/results/spatialcellchat_v3_headtohead/secact_cosmx_v3_common_fixture.rds	84fcfd02acd9368975226bafb0e07ab07fdaa71928a9e5118bba030746f32636
CosMx CancerousLiver	CosMx	cosmx_25000	nested_central	25000	625000000	440698	17.62792	0.0007051168	0.07051168	0.9992948832	1418.2047569991241	624975000	30	10	5	1	35	25001	440698	440698	200008	1762792	3525584	5488384	5.488384	5488384	5488528	3525584	200000	200000	200000	9613968	9614352	11417912	5000000000	5	2500000000	911.01497271328	520.076621848544	1	0	17	28	43	0	0	results/tables/inference_summary.tsv	other	/home/dzf/cellchat_acceleration/analysis/spatial_sparsity_validation_20260922/data/coordinates/cosmx_25000.rds	bd262027cf13bf1f2e78100fff54040be62b8d8196853f6c14e149cb0f75a989	8f8849ab2b79ba8d44938086add1d49ede0c6db259c58e9b3c97a2606bc43d5e	PASS	3.208	N/E: SpatialESS 0.1.4 run; array storage: measured CSR arrays, geometry and radius identified by fixture.	/data/dzf/SecAct_2026/results/spatialcellchat_v3_headtohead/secact_cosmx_v3_common_fixture.rds	84fcfd02acd9368975226bafb0e07ab07fdaa71928a9e5118bba030746f32636
CosMx CancerousLiver	CosMx	cosmx_50000	nested_central	50000	2500000000	904992	18.09984	0.0003619968	0.03619968	0.9996380032	2762.455358721403	2499950000	30	10	5	1	35	50001	904992	904992	400008	3619968	7239936	11259912	11.259912	11259912	11260056	7239936	400000	400000	400000	19699848	19700232	23303792	20000000000	20	10000000000	1776.21281587281	1015.23625969094	3	0	18	29	48	0	0	results/tables/inference_summary.tsv	other	/home/dzf/cellchat_acceleration/analysis/spatial_sparsity_validation_20260922/data/coordinates/cosmx_50000.rds	d9ab76949b0d6e5a4a758d29eee051aadba1a05240d35b3eb228f6dcccde38d6	8f8849ab2b79ba8d44938086add1d49ede0c6db259c58e9b3c97a2606bc43d5e	PASS	3.31	N/E: SpatialESS 0.1.4 run; array storage: measured CSR arrays, geometry and radius identified by fixture.	/data/dzf/SecAct_2026/results/spatialcellchat_v3_headtohead/secact_cosmx_v3_common_fixture.rds	84fcfd02acd9368975226bafb0e07ab07fdaa71928a9e5118bba030746f32636
CosMx CancerousLiver	CosMx	cosmx_100000	nested_central	100000	10000000000	1826662	18.26662	0.0001826662	0.01826662	0.9998173338	5474.46654060795	9999900000	30	10	5	1	35	100001	1826662	1826662	800008	7306648	14613296	22719952	22.719952	22719952	22720096	14613296	800000	800000	800000	39733248	39733632	46937192	80000000000	80	40000000000	3521.1341995793	2013.42714293078	6	0	18	29	48	0	0	results/tables/inference_summary.tsv	other	/home/dzf/cellchat_acceleration/analysis/spatial_sparsity_validation_20260922/data/coordinates/cosmx_100000.rds	91979370555d3f3903ce83158e456edea89fe494caca4b61a7928a0152ea8013	8f8849ab2b79ba8d44938086add1d49ede0c6db259c58e9b3c97a2606bc43d5e	PASS	3.64	N/E: SpatialESS 0.1.4 run; array storage: measured CSR arrays, geometry and radius identified by fixture.	/data/dzf/SecAct_2026/results/spatialcellchat_v3_headtohead/secact_cosmx_v3_common_fixture.rds	84fcfd02acd9368975226bafb0e07ab07fdaa71928a9e5118bba030746f32636
CosMx CancerousLiver	CosMx	cosmx_200000	nested_central	200000	40000000000	3733232	18.66616	9.33308e-05	0.00933308	0.9999066692	10714.576538506046	39999800000	30	10	5	1	35	200001	3733232	3733232	1600008	14932928	29865856	46398792	46.398792	46398792	46398936	29865856	1600000	1600000	1600000	81064648	81065032	95468592	320000000000	320	160000000000	6896.73127696945	3947.46671816795	14	0	18	29	53	0	0	results/tables/inference_summary.tsv	other	/home/dzf/cellchat_acceleration/analysis/spatial_sparsity_validation_20260922/data/coordinates/cosmx_200000.rds	23a7cac914d1a07951b9f22f9c18ef398105c5db077aabe33a1799f2d86e0564	8f8849ab2b79ba8d44938086add1d49ede0c6db259c58e9b3c97a2606bc43d5e	PASS	4.406	N/E: SpatialESS 0.1.4 run; array storage: measured CSR arrays, geometry and radius identified by fixture.	/data/dzf/SecAct_2026/results/spatialcellchat_v3_headtohead/secact_cosmx_v3_common_fixture.rds	84fcfd02acd9368975226bafb0e07ab07fdaa71928a9e5118bba030746f32636
CosMx CancerousLiver	CosMx	cosmx_443515	nested_central	443515	196705555225	8619362	19.434206283891186	4.381859978555672e-05	0.0043818599785556715	0.999956181400215	22821.35907796888	196705111710	30	10	5	1	35	443516	8619362	8619362	3548128	34477448	68954896	106980472	106.980472	106980472	106980616	68954896	3548120	3548120	3548120	186579728	186580120	218516112	1573644441800	1573.6444418	786822220900	14709.6419783977	8434.16623375075	111	0	19	31	64	0	0	results/tables/inference_summary.tsv	other	/home/dzf/cellchat_acceleration/analysis/spatial_sparsity_validation_20260922/data/coordinates/cosmx_443515.rds	c823162e28dc902ccdcf5da9e911816cb2a3fd967cdf656bce62d1f2429baf63	8f8849ab2b79ba8d44938086add1d49ede0c6db259c58e9b3c97a2606bc43d5e	PASS	6.329	N/E: SpatialESS 0.1.4 run; array storage: measured CSR arrays, geometry and radius identified by fixture.	/data/dzf/SecAct_2026/results/spatialcellchat_v3_headtohead/secact_cosmx_v3_common_fixture.rds	84fcfd02acd9368975226bafb0e07ab07fdaa71928a9e5118bba030746f32636
Ovarian Visium HD	Visium HD	ovarian_16247	segmented_full	16247	263965009	443876	27.320489936603682	0.0016815713631195717	0.16815713631195717	0.99831842863688	594.681868359632	263948762	30	10	5	1	35	16248	443876	443876	129984	1775504	3551008	5456496	5.456496	5456496	5456640	3551008	129976	129976	129976	9397432	9397824	10571168	2111720072	2.111720072	1055860036	387.010284988755	224.712461021266	1	0	27	40	58	0	0	results/tables/inference_summary.tsv	other	/home/dzf/cellchat_acceleration/analysis/spatial_sparsity_validation_20260922/data/coordinates/ovarian_16247.rds	9963b09119d36b39650ccf19de6ce425ab9ff4eaa57df3fac922d891ecf6fd42	8f8849ab2b79ba8d44938086add1d49ede0c6db259c58e9b3c97a2606bc43d5e	PASS	0.363	N/E: SpatialESS 0.1.4 run; array storage: measured CSR arrays, geometry and radius identified by fixture.	/home/dzf/cellchat_acceleration/releases/SpatialESS_compatibility_20260911/validation/bridge/runs/raw_16247/direct_main/input.rds	fde9cb7b5d765f86f10d7b86162eb554fd26886077839847f4d3243c058bb3c3
Xenium Prime cervical cancer	Xenium	cervical_center_1000	central	1000	1000000	23654	23.654	0.023654	2.3654	0.976346	42.2761477974127	999000	30	10	5	1	35	1001	23654	23654	8008	94616	189232	291856	0.291856	291856	292000	189232	8000	8000	8000	505088	505472	581032	8000000	0.008	4000000	27.4107779178773	15.8388241256969	0	6	24	34	39	0	0	results/tables/inference_summary.tsv	other	/home/dzf/cellchat_acceleration/analysis/spatial_sparsity_validation_20260922/data/coordinates/cervical_center_1000.rds	e49fef7c18044b8bf511441bafa47847bdfe70385aba92f76df382cd009209b8	8f8849ab2b79ba8d44938086add1d49ede0c6db259c58e9b3c97a2606bc43d5e	PASS	0.293	N/E: SpatialESS 0.1.4 run; array storage: measured CSR arrays, geometry and radius identified by fixture.	/home/dzf/cellchat_acceleration/releases/SpatialESS_compatibility_20260911/validation/dual_track/center_1000/results/default/ess.rds	c35fda2ac79aebfe71d2562448289c8375b328ea41e34b15e96b7b49dee1e9c6
Xenium Prime cervical cancer	Xenium	cervical_center_5000	central	5000	25000000	149990	29.998	0.0059996	0.59996	0.9940004	166.6777785185679	24995000	30	10	5	1	35	5001	149990	149990	40008	599960	1199920	1839888	1.839888	1839888	1840032	1199920	40000	40000	40000	3159808	3160192	3523752	200000000	0.2	100000000	108.702268833755	63.2949850117476	0	1	29	50	62	0	0	results/tables/inference_summary.tsv	other	/home/dzf/cellchat_acceleration/analysis/spatial_sparsity_validation_20260922/data/coordinates/cervical_center_5000.rds	3a1624ea7689bec55c7577e6424ae8153d1dd12c5457fdfad05d9ed5966d4d70	8f8849ab2b79ba8d44938086add1d49ede0c6db259c58e9b3c97a2606bc43d5e	PASS	0.205	N/E: SpatialESS 0.1.4 run; array storage: measured CSR arrays, geometry and radius identified by fixture.	/home/dzf/cellchat_acceleration/releases/SpatialESS_compatibility_20260911/validation/dual_track/center_5000/results/default/ess.rds	7eb2d9c06c542dab03ca7d1e656a165bf9c28dc0560e36e0397cb1c888088189
Xenium Prime cervical cancer	Xenium	cervical_stratified_1000	cluster_stratified	1000	1000000	46	0.046	4.6e-05	0.0046	0.999954	21739.130434782608	999000	30	10	5	1	35	1001	46	46	8008	184	368	8560	0.00856	8560	8704	368	8000	8000	8000	32928	33312	108872	8000000	0.008	4000000	934.579439252336	242.954324586978	954	0	0	0	1	0	0	results/tables/inference_summary.tsv	other	/home/dzf/cellchat_acceleration/analysis/spatial_sparsity_validation_20260922/data/coordinates/cervical_stratified_1000.rds	31d8adb7c287e720a60782050e60de325c62b9f09c6f3f890bcc8dd76cc56741	8f8849ab2b79ba8d44938086add1d49ede0c6db259c58e9b3c97a2606bc43d5e	PASS	0.286	N/E: SpatialESS 0.1.4 run; array storage: measured CSR arrays, geometry and radius identified by fixture.	/home/dzf/cellchat_acceleration/releases/SpatialESS_compatibility_20260911/validation/dual_track/stratified_1000/results/default/ess.rds	13cbd506dbaf594dee6fabb9627629a3e4405906934ab13030870067846cfb89
Xenium Prime cervical cancer	Xenium	cervical_stratified_5000	cluster_stratified	5000	25000000	1142	0.2284	4.568e-05	0.004568	0.99995432	21891.418563922944	24995000	30	10	5	1	35	5001	1142	1142	40008	4568	9136	53712	0.053712	53712	53856	9136	40000	40000	40000	182848	183232	546792	200000000	0.2	100000000	3723.56270479595	1093.80469023451	3985	0	0	1	4	0	0	results/tables/inference_summary.tsv	other	/home/dzf/cellchat_acceleration/analysis/spatial_sparsity_validation_20260922/data/coordinates/cervical_stratified_5000.rds	07e235b0442016ea3bc3b5727517933efb29ad1b5369b11a479f199be8d799a7	8f8849ab2b79ba8d44938086add1d49ede0c6db259c58e9b3c97a2606bc43d5e	PASS	0.156	N/E: SpatialESS 0.1.4 run; array storage: measured CSR arrays, geometry and radius identified by fixture.	/home/dzf/cellchat_acceleration/releases/SpatialESS_compatibility_20260911/validation/dual_track/stratified_5000/results/default/ess.rds	ab5e9184ecee2621c96707e28aa85c2794f0835b1c960569d96ff80644fdaad1
