cells	ESS_version	ESS_measurement_id	ESS_repeats	ESS_status	ESS_wall_seconds	ESS_wall_seconds_min	ESS_wall_seconds_max	ESS_peak_rss_GiB	ESS_peak_rss_GiB_min	ESS_peak_rss_GiB_max	ESS_inference_seconds	ESS_inference_seconds_min	ESS_inference_seconds_max	official_status	official_exit_status	official_wall_seconds	official_peak_rss_gib	official_failure_reason	official_version	official_measurement_id
250	0.1.4	20260930_20261001	1	completed	2.39	2.39	2.39	0.6119232177734375	0.6119232177734375	0.6119232177734375	0.254	0.254	0.254	completed	0	553.97	1.2342	NA	0.1.0	saved_spatialcellchat_v3_reference
1000	0.1.4	20260930_20261001	1	completed	2.49	2.49	2.49	0.6118545532226562	0.6118545532226562	0.6118545532226562	0.338	0.338	0.338	completed	0	704.75	1.2648	NA	0.1.0	saved_spatialcellchat_v3_reference
5000	0.1.4	20260930_20261001	1	completed	3.02	3.02	3.02	0.6236114501953125	0.6236114501953125	0.6236114501953125	0.815	0.815	0.815	completed	0	734.93	1.8088	NA	0.1.0	saved_spatialcellchat_v3_reference
10000	0.1.4	20260930_20261001	1	completed	3.75	3.75	3.75	0.6372261047363281	0.6372261047363281	0.6372261047363281	1.488	1.488	1.488	completed	0	1372.26	3.1644	NA	0.1.0	saved_spatialcellchat_v3_reference
25000	0.1.4	20260930_20261001	1	completed	6.02	6.02	6.02	0.6937294006347656	0.6937294006347656	0.6937294006347656	3.719	3.719	3.719	completed	0	6291.00	16.0768	NA	0.1.0	saved_spatialcellchat_v3_reference
50000	0.1.4	20260930_20261001	3	completed	9.85	9.78	9.89	0.8042984008789062	0.8042526245117188	0.804931640625	7.501	7.421	7.527	completed	0	23919.00	60.7771	NA	0.1.0	saved_spatialcellchat_v3_reference
100000	0.1.4	20260930_20261001	1	completed	19.62	19.62	19.62	0.9453010559082031	0.9453010559082031	0.9453010559082031	17.016	17.016	17.016	failed_signal_11	139	21655.00	86.5308	R aborted with signal 11 during official computeCommunProb() future evaluation	0.1.0	saved_spatialcellchat_v3_reference
200000	0.1.4	20260930_20261001	1	completed	41.07	41.07	41.07	1.2618789672851562	1.2618789672851562	1.2618789672851562	38.253	38.253	38.253	failed_allocation	1	9.44	1.8897	cannot allocate vector of size 298.0 Gb while constructing the official dense distance intermediate	0.1.0	saved_spatialcellchat_v3_reference
443515	0.1.4	20260930_20261001	3	completed	96.03	95.56	96.31	1.9683952331542969	1.9672660827636719	1.9698753356933594	92.529	92.057	92.825	failed_allocation	1	10.94	2.9543	cannot allocate vector of size 1465.6 Gb; sparse-to-dense coercion was also attempted	0.1.0	saved_spatialcellchat_v3_reference
