case	family	version	cells	genes	groups	lr	nboot	seed	inference_seconds	graph_edges	graph_bytes	active	significant_lt005	significant_le005	status
cosmx_250	cosmx	0.1.4	250	419	8	373	20	20260803	0.209	4308	116112	1973	536	685	completed
cosmx_1000	cosmx	0.1.4	1000	419	10	373	20	20260803	0.294	18658	481112	5131	1367	1974	completed
cosmx_5000	cosmx	0.1.4	5000	419	10	373	20	20260803	0.771	86130	2246552	10478	4815	6094	completed
cosmx_10000	cosmx	0.1.4	10000	419	10	373	20	20260803	1.434	172148	4486912	13164	6852	8421	completed
cosmx_25000	cosmx	0.1.4	25000	419	11	373	20	20260803	3.64	440698	11417912	16310	10105	11830	completed
cosmx_50000	cosmx	0.1.4	50000	419	12	373	20	20260803	7.521	904992	23303792	18484	12512	14217	completed
cosmx_100000	cosmx	0.1.4	100000	419	12	373	20	20260803	17.211	1826662	46937192	21152	15218	16910	completed
cosmx_200000	cosmx	0.1.4	200000	419	12	373	20	20260803	38.491	3733232	95468592	24285	18559	20294	completed
cosmx_443515	cosmx	0.1.4	443515	419	12	373	20	20260803	91.871	8619362	218516112	34629	26442	28878	completed
cervical_center_1000_default	cervical	0.1.4	1000	730	13	1076	100	1	1.27	23654	581032	6	6	6	completed
cervical_center_1000_relaxed	cervical	0.1.4	1000	730	13	1076	100	1	1.115	23654	581032	832	377	403	completed
cervical_center_5000_default	cervical	0.1.4	5000	730	14	1076	100	1	4.823	149990	3523752	11	10	10	completed
cervical_center_5000_relaxed	cervical	0.1.4	5000	730	14	1076	100	1	4.459	149990	3523752	2789	889	986	completed
cervical_stratified_1000_default	cervical	0.1.4	1000	730	23	1076	100	1	1.782	46	108872	57	31	33	completed
cervical_stratified_1000_relaxed	cervical	0.1.4	1000	730	23	1076	100	1	1.104	46	108872	364	150	159	completed
cervical_stratified_5000_default	cervical	0.1.4	5000	730	23	1076	100	1	5.586	1142	546792	130	91	92	completed
cervical_stratified_5000_relaxed	cervical	0.1.4	5000	730	23	1076	100	1	4.466	1142	546792	1010	406	423	completed
ovarian_raw_1000	ovarian	0.1.4	1000	967	13	1828	100	20260903	2.141	6332	234592	6930	1791	1988	completed
ovarian_raw_5000	ovarian	0.1.4	5000	967	16	1828	100	20260903	11.003	139532	3314592	24254	5706	6298	completed
ovarian_raw_16247	ovarian	0.1.4	16247	967	17	1828	100	20260903	38.187	443876	10571168	41294	10942	11989	completed
ovarian_sparkle_1000	ovarian	0.1.4	1000	967	13	1828	100	20260903	2.026	6332	234592	5806	1598	1739	completed
ovarian_sparkle_5000	ovarian	0.1.4	5000	967	16	1828	100	20260903	9.507	139532	3314592	21971	4555	5101	completed
ovarian_sparkle_16247	ovarian	0.1.4	16247	967	17	1828	100	20260903	32.72	443876	10571168	37808	8417	9254	completed
gse306130_6_BCC_1000	gse306130	0.1.4	1000	83	12	33	20	20260828	0.141	17764	463232	934	98	130	completed
gse306130_35_BCC_1000	gse306130	0.1.4	1000	83	10	33	20	20260828	0.145	24530	598552	1116	102	177	completed
gse306130_35_BCC_5000	gse306130	0.1.4	5000	83	12	33	20	20260828	0.333	159458	3713112	1809	384	466	completed
gse306130_35_BCC_10000	gse306130	0.1.4	10000	83	12	33	20	20260828	0.618	331688	7677712	2314	495	582	completed
gse306130_35_BCC_25000	gse306130	0.1.4	25000	83	12	33	20	20260828	1.227	805900	18721952	3005	800	879	completed
gse306130_35_BCC_50000	gse306130	0.1.4	50000	83	12	33	20	20260828	2.571	1678640	38776752	3471	1109	1200	completed
gse306130_4_SCC_1000	gse306130	0.1.4	1000	83	12	33	20	20260828	0.154	24412	596192	1150	122	176	completed
gse306130_23_SCC_1000	gse306130	0.1.4	1000	83	12	33	20	20260828	0.147	23946	586872	1520	245	352	completed
gse313006_1000_boot20	gse313006	0.1.4	1000	480	12	133	20	20260820	0.17	9932	306592	655	212	327	completed
gse313006_1000_boot100	gse313006	0.1.4	1000	480	12	133	100	20260820	0.284	9932	306592	655	249	277	completed
lung_paper_THD0008	lung_paper	0.1.4	69227	343	46	37	20	20260831	2.47	2007334	48457880	21332	2518	3644	completed
lung_teacher_THD0008	lung_teacher	0.1.4	69227	343	46	37	100	2	170.287	88247880	1773268800	14432	2764	2886	completed
lung_paper_THD0011	lung_paper	0.1.4	25364	343	42	37	20	20260831	0.589	582856	14704752	9413	1170	1821	completed
lung_teacher_THD0011	lung_teacher	0.1.4	25364	343	42	37	100	3	20.73	18285738	368762392	6382	1427	1541	completed
lung_paper_TILD028LA	lung_paper	0.1.4	24813	343	43	37	20	20260831	0.739	550776	13997040	13630	1480	2253	completed
lung_teacher_TILD028LA	lung_teacher	0.1.4	24813	343	43	37	100	4	34.998	20400978	411001080	9845	2501	2599	completed
lung_paper_TILD049MA	lung_paper	0.1.4	11140	343	44	37	20	20260831	0.372	278092	6902592	10924	1465	2355	completed
lung_teacher_TILD049MA	lung_teacher	0.1.4	11140	343	44	37	100	5	13.803	10071468	202770112	9999	2926	3092	completed
lung_paper_TILD080LA	lung_paper	0.1.4	51212	343	44	37	20	20260831	1.746	1141776	28984912	21368	2032	2984	completed
lung_teacher_TILD080LA	lung_teacher	0.1.4	51212	343	44	37	100	6	120.208	50079800	1007745392	14400	3922	4002	completed
lung_paper_TILD111LA	lung_paper	0.1.4	29566	343	44	37	20	20260831	0.89	536528	14282432	14289	1620	2591	completed
lung_teacher_TILD111LA	lung_teacher	0.1.4	29566	343	44	37	100	7	40.165	21409254	431736952	10652	2396	2553	completed
lung_paper_TILD113LA	lung_paper	0.1.4	24202	343	44	37	20	20260831	0.619	331698	9542152	14923	1455	2377	completed
lung_teacher_TILD113LA	lung_teacher	0.1.4	24202	343	44	37	100	8	26.081	12799340	258894992	11290	2266	2367	completed
lung_paper_TILD117LA	lung_paper	0.1.4	36707	343	44	37	20	20260831	1.306	900752	22423840	21998	1931	2919	completed
lung_teacher_TILD117LA	lung_teacher	0.1.4	36707	343	44	37	100	9	80.932	35639552	717199840	16800	6476	6586	completed
lung_paper_TILD117MA1	lung_paper	0.1.4	49231	343	44	37	20	20260831	1.649	1178696	29485600	23074	1920	2961	completed
lung_teacher_TILD117MA1	lung_teacher	0.1.4	49231	343	44	37	100	10	115.535	51335896	1032629600	15089	4898	4995	completed
lung_paper_TILD117MA2	lung_paper	0.1.4	35271	343	45	37	20	20260831	1.029	817820	20592880	20170	1890	3047	completed
lung_teacher_TILD117MA2	lung_teacher	0.1.4	35271	343	45	37	100	11	67.594	34354726	691331000	14612	4735	4842	completed
lung_paper_TILD130LA	lung_paper	0.1.4	24547	343	44	37	20	20260831	0.721	393306	10815720	17475	1823	2976	completed
lung_teacher_TILD130LA	lung_teacher	0.1.4	24547	343	44	37	100	12	38.944	16294972	328849040	13328	3396	3519	completed
lung_paper_TILD167LA	lung_paper	0.1.4	15870	343	44	37	20	20260831	0.419	265270	7213752	10769	1124	1861	completed
lung_teacher_TILD167LA	lung_teacher	0.1.4	15870	343	44	37	100	13	14.599	9404564	189999632	9168	2593	2694	completed
lung_paper_TILD175MA	lung_paper	0.1.4	35887	343	44	37	20	20260831	1.171	1060606	25522520	20806	2116	3344	completed
lung_teacher_TILD175MA	lung_teacher	0.1.4	35887	343	44	37	100	14	68.988	40009708	804504560	14934	4698	4818	completed
lung_paper_TILD299MA	lung_paper	0.1.4	52992	343	46	37	20	20260831	1.814	1463658	35636152	23150	2010	3053	completed
lung_teacher_TILD299MA	lung_teacher	0.1.4	52992	343	46	37	100	15	119.81	62176096	1249884912	15856	5779	5878	completed
lung_paper_TILD315MA	lung_paper	0.1.4	37361	343	45	37	20	20260831	1.174	861990	21727080	19394	1622	2619	completed
lung_teacher_TILD315MA	lung_teacher	0.1.4	37361	343	45	37	100	16	58.043	34847430	701435880	14394	4373	4566	completed
lung_paper_VUHD038	lung_paper	0.1.4	5941	343	40	37	20	20260831	0.197	61562	1948120	3642	546	838	completed
lung_teacher_VUHD038	lung_teacher	0.1.4	5941	343	40	37	100	17	3.557	1513612	30989120	3429	596	644	completed
lung_paper_VUHD049	lung_paper	0.1.4	22688	343	43	37	20	20260831	0.593	543354	13593592	10448	1284	2059	completed
lung_teacher_VUHD049	lung_teacher	0.1.4	22688	343	43	37	100	18	20.04	16471454	332155592	7261	1348	1480	completed
lung_paper_VUHD069	lung_paper	0.1.4	19976	343	43	37	20	20260831	0.591	447258	11346232	10229	1146	1813	completed
lung_teacher_VUHD069	lung_teacher	0.1.4	19976	343	43	37	100	19	23.256	15160482	305610712	8691	1968	2064	completed
lung_paper_VUHD090	lung_paper	0.1.4	16110	343	43	37	20	20260831	0.397	235192	6640992	7662	942	1547	completed
lung_teacher_VUHD090	lung_teacher	0.1.4	16110	343	43	37	100	20	10.944	7385324	149643632	7278	1838	1912	completed
lung_paper_VUHD095	lung_paper	0.1.4	11442	343	38	37	20	20260831	0.353	290212	7181232	8637	943	1576	completed
lung_teacher_VUHD095	lung_teacher	0.1.4	11442	343	38	37	100	21	11.522	10470106	210779112	4867	970	1060	completed
lung_paper_VUHD113	lung_paper	0.1.4	12870	343	35	37	20	20260831	0.367	186870	5285752	7407	854	1384	completed
lung_teacher_VUHD113	lung_teacher	0.1.4	12870	343	35	37	100	22	10.067	4677320	95094752	5772	910	991	completed
lung_paper_VUHD116A	lung_paper	0.1.4	12372	343	42	37	20	20260831	0.426	278254	7053672	9328	1102	1746	completed
lung_teacher_VUHD116A	lung_teacher	0.1.4	12372	343	42	37	100	23	13.32	6987836	141245312	7751	1143	1229	completed
lung_paper_VUHD116B	lung_paper	0.1.4	29147	343	39	37	20	20260831	0.86	829900	20099600	11119	1319	2027	completed
lung_teacher_VUHD116B	lung_teacher	0.1.4	29147	343	39	37	100	24	40.188	31918434	641870280	7192	1136	1239	completed
lung_paper_VUILD102LA	lung_paper	0.1.4	26364	343	43	37	20	20260831	0.796	400446	11176552	13822	1439	2282	completed
lung_teacher_VUILD102LA	lung_teacher	0.1.4	26364	343	43	37	100	25	45.25	16294552	329058672	10683	1999	2096	completed
lung_paper_VUILD102MA	lung_paper	0.1.4	31517	343	41	37	20	20260831	0.922	409690	11979800	14609	1496	2312	completed
lung_teacher_VUILD102MA	lung_teacher	0.1.4	31517	343	41	37	100	26	59.026	18542868	374643360	10607	1989	2052	completed
lung_paper_VUILD104MA1	lung_paper	0.1.4	35502	343	44	37	20	20260831	1.21	989048	24045152	18709	2252	3386	completed
lung_teacher_VUILD104MA1	lung_teacher	0.1.4	35502	343	44	37	100	27	82.535	40056636	805396912	12944	4431	4570	completed
lung_paper_VUILD104MA2	lung_paper	0.1.4	37764	343	45	37	20	20260831	1.098	965384	23843312	18222	1860	2952	completed
lung_teacher_VUILD104MA2	lung_teacher	0.1.4	37764	343	45	37	100	28	51.36	38219334	768922312	12740	4255	4423	completed
lung_paper_VUILD105MA1	lung_paper	0.1.4	21108	343	45	37	20	20260831	0.708	469212	11921152	16171	1547	2411	completed
lung_teacher_VUILD105MA1	lung_teacher	0.1.4	21108	343	45	37	100	29	44.576	17931908	361175072	12592	3780	3882	completed
lung_paper_VUILD105MA2	lung_paper	0.1.4	21178	343	43	37	20	20260831	0.615	539516	13335632	12269	1620	2518	completed
lung_teacher_VUILD105MA2	lung_teacher	0.1.4	21178	343	43	37	100	30	28.168	18835960	379264512	9767	3590	3795	completed
lung_paper_VUILD106MA	lung_paper	0.1.4	124717	343	47	37	20	20260831	4.215	3071124	76392480	27337	2753	4038	completed
lung_teacher_VUILD106MA	lung_teacher	0.1.4	124717	343	47	37	100	31	253.087	139803816	2811046320	19523	9848	9964	completed
lung_paper_VUILD107MA	lung_paper	0.1.4	68413	343	46	37	20	20260831	2.459	2222908	52671680	25700	2385	3608	completed
lung_teacher_VUILD107MA	lung_teacher	0.1.4	68413	343	46	37	100	32	193.74	97485234	1957918200	16375	7971	8091	completed
lung_paper_VUILD110LA	lung_paper	0.1.4	122815	343	46	37	20	20260831	4.142	3622506	87191880	29394	2754	4101	completed
lung_teacher_VUILD110LA	lung_teacher	0.1.4	122815	343	46	37	100	33	244.307	153907192	3092885600	16691	4949	5056	completed
lung_paper_VUILD115MA	lung_paper	0.1.4	94540	343	44	37	20	20260831	2.981	2435020	60049152	20196	2198	3278	completed
lung_teacher_VUILD115MA	lung_teacher	0.1.4	94540	343	44	37	100	34	167.982	102733560	2066019952	12175	4790	4861	completed
lung_paper_VUILD141MA	lung_paper	0.1.4	34702	343	43	37	20	20260831	0.702	804048	20249152	10452	1429	2249	completed
lung_teacher_VUILD141MA	lung_teacher	0.1.4	34702	343	43	37	100	35	23.283	32324928	650666752	8247	3178	3303	completed
lung_paper_VUILD142MA	lung_paper	0.1.4	9222	343	40	37	20	20260831	0.222	67718	2464952	3386	717	1071	completed
lung_teacher_VUILD142MA	lung_teacher	0.1.4	9222	343	40	37	100	36	3.681	2363360	48377792	3492	1124	1173	completed
lung_paper_VUILD48LA1	lung_paper	0.1.4	20819	343	41	37	20	20260831	0.66	448980	11481840	14297	1366	2243	completed
lung_teacher_VUILD48LA1	lung_teacher	0.1.4	20819	343	41	37	100	37	28.531	13566790	273838040	9952	1880	1972	completed
lung_paper_VUILD48LA2	lung_paper	0.1.4	30302	343	40	37	20	20260831	0.909	700228	17644752	16153	1616	2522	completed
lung_teacher_VUILD48LA2	lung_teacher	0.1.4	30302	343	40	37	100	38	48.703	25281128	509262752	10782	2613	2729	completed
lung_paper_VUILD49LA	lung_paper	0.1.4	38280	343	41	37	20	20260831	1.114	902182	22641192	14951	1513	2325	completed
lung_teacher_VUILD49LA	lung_teacher	0.1.4	38280	343	41	37	100	39	62.872	33046614	665529832	8954	2048	2163	completed
lung_paper_VUILD58MA	lung_paper	0.1.4	56733	343	44	37	20	20260831	1.392	1642248	39656880	15682	1998	3162	completed
lung_teacher_VUILD58MA	lung_teacher	0.1.4	56733	343	44	37	100	40	58.791	62784544	1262502800	9933	4951	5090	completed
lung_paper_VUILD78LA	lung_paper	0.1.4	26235	343	44	37	20	20260831	0.739	613136	15414880	12981	1462	2235	completed
lung_teacher_VUILD78LA	lung_teacher	0.1.4	26235	343	44	37	100	41	41.476	23559000	474332160	9818	3139	3246	completed
lung_paper_VUILD78MA	lung_paper	0.1.4	35306	343	43	37	20	20260831	0.813	869660	21633872	13616	1365	2228	completed
lung_teacher_VUILD78MA	lung_teacher	0.1.4	35306	343	43	37	100	42	37.364	36368210	731604872	9336	3244	3380	completed
lung_paper_VUILD91LA	lung_paper	0.1.4	15468	343	43	37	20	20260831	0.493	215046	6161032	13280	1440	2292	completed
lung_teacher_VUILD91LA	lung_teacher	0.1.4	15468	343	43	37	100	43	23.002	7766998	157200072	12374	1907	2000	completed
lung_paper_VUILD91MA	lung_paper	0.1.4	24553	343	41	37	20	20260831	0.762	418140	11313120	14000	1395	2178	completed
lung_teacher_VUILD91MA	lung_teacher	0.1.4	24553	343	41	37	100	44	45.108	17622374	355397800	10567	3241	3329	completed
lung_paper_VUILD96LA	lung_paper	0.1.4	44367	343	43	37	20	20260831	1.283	1012140	25570800	19322	1687	2601	completed
lung_teacher_VUILD96LA	lung_teacher	0.1.4	44367	343	43	37	100	45	68.311	41579994	836927880	11987	2312	2412	completed
lung_paper_VUILD96MA	lung_paper	0.1.4	56478	343	44	37	20	20260831	1.629	1553790	37857112	16602	1631	2498	completed
lung_teacher_VUILD96MA	lung_teacher	0.1.4	56478	343	44	37	100	46	82.545	64385182	1294484952	11299	3966	4137	completed
lung_signaling_THD0008	lung_signaling	0.1.4	69227	99	46	37	20	20260831	2.467	2007334	48457880	21332	2515	3648	completed
lung_signaling_THD0011	lung_signaling	0.1.4	25364	99	42	37	20	20260831	0.595	582856	14704752	9413	1167	1821	completed
lung_signaling_TILD028LA	lung_signaling	0.1.4	24813	99	43	37	20	20260831	0.748	550776	13997040	13630	1478	2260	completed
lung_signaling_TILD049MA	lung_signaling	0.1.4	11140	99	44	37	20	20260831	0.373	278092	6902592	10924	1473	2371	completed
lung_signaling_TILD080LA	lung_signaling	0.1.4	51212	99	44	37	20	20260831	1.757	1141776	28984912	21368	2032	2984	completed
lung_signaling_TILD111LA	lung_signaling	0.1.4	29566	99	44	37	20	20260831	0.823	536528	14282432	14289	1620	2590	completed
lung_signaling_TILD113LA	lung_signaling	0.1.4	24202	99	44	37	20	20260831	0.612	331698	9542152	14923	1455	2378	completed
lung_signaling_TILD117LA	lung_signaling	0.1.4	36707	99	44	37	20	20260831	1.297	900752	22423840	21998	1930	2921	completed
lung_signaling_TILD117MA1	lung_signaling	0.1.4	49231	99	44	37	20	20260831	1.641	1178696	29485600	23074	1919	2962	completed
lung_signaling_TILD117MA2	lung_signaling	0.1.4	35271	99	45	37	20	20260831	1.133	817820	20592880	20170	1887	3053	completed
lung_signaling_TILD130LA	lung_signaling	0.1.4	24547	99	44	37	20	20260831	0.732	393306	10815720	17475	1822	2978	completed
lung_signaling_TILD167LA	lung_signaling	0.1.4	15870	99	44	37	20	20260831	0.418	265270	7213752	10769	1121	1859	completed
lung_signaling_TILD175MA	lung_signaling	0.1.4	35887	99	44	37	20	20260831	1.18	1060606	25522520	20806	2100	3335	completed
lung_signaling_TILD299MA	lung_signaling	0.1.4	52992	99	46	37	20	20260831	1.8	1463658	35636152	23150	2012	3058	completed
lung_signaling_TILD315MA	lung_signaling	0.1.4	37361	99	45	37	20	20260831	1.164	861990	21727080	19394	1624	2635	completed
lung_signaling_VUHD038	lung_signaling	0.1.4	5941	99	40	37	20	20260831	0.196	61562	1948120	3642	546	841	completed
lung_signaling_VUHD049	lung_signaling	0.1.4	22688	99	43	37	20	20260831	0.595	543354	13593592	10448	1277	2055	completed
lung_signaling_VUHD069	lung_signaling	0.1.4	19976	99	43	37	20	20260831	0.583	447258	11346232	10229	1142	1807	completed
lung_signaling_VUHD090	lung_signaling	0.1.4	16110	99	43	37	20	20260831	0.394	235192	6640992	7662	942	1547	completed
lung_signaling_VUHD095	lung_signaling	0.1.4	11442	99	38	37	20	20260831	0.354	290212	7181232	8637	940	1574	completed
lung_signaling_VUHD113	lung_signaling	0.1.4	12870	99	35	37	20	20260831	0.365	186870	5285752	7407	853	1389	completed
lung_signaling_VUHD116A	lung_signaling	0.1.4	12372	99	42	37	20	20260831	0.419	278254	7053672	9328	1105	1756	completed
lung_signaling_VUHD116B	lung_signaling	0.1.4	29147	99	39	37	20	20260831	0.837	829900	20099600	11119	1328	2037	completed
lung_signaling_VUILD102LA	lung_signaling	0.1.4	26364	99	43	37	20	20260831	0.793	400446	11176552	13822	1439	2286	completed
lung_signaling_VUILD102MA	lung_signaling	0.1.4	31517	99	41	37	20	20260831	0.912	409690	11979800	14609	1496	2312	completed
lung_signaling_VUILD104MA1	lung_signaling	0.1.4	35502	99	44	37	20	20260831	1.287	989048	24045152	18709	2252	3386	completed
lung_signaling_VUILD104MA2	lung_signaling	0.1.4	37764	99	45	37	20	20260831	1.071	965384	23843312	18222	1861	2951	completed
lung_signaling_VUILD105MA1	lung_signaling	0.1.4	21108	99	45	37	20	20260831	0.71	469212	11921152	16171	1547	2411	completed
lung_signaling_VUILD105MA2	lung_signaling	0.1.4	21178	99	43	37	20	20260831	0.611	539516	13335632	12269	1620	2518	completed
lung_signaling_VUILD106MA	lung_signaling	0.1.4	124717	99	47	37	20	20260831	4.278	3071124	76392480	27337	2753	4038	completed
lung_signaling_VUILD107MA	lung_signaling	0.1.4	68413	99	46	37	20	20260831	2.45	2222908	52671680	25700	2385	3608	completed
lung_signaling_VUILD110LA	lung_signaling	0.1.4	122815	99	46	37	20	20260831	4.204	3622506	87191880	29394	2754	4101	completed
lung_signaling_VUILD115MA	lung_signaling	0.1.4	94540	99	44	37	20	20260831	2.989	2435020	60049152	20196	2197	3267	completed
lung_signaling_VUILD141MA	lung_signaling	0.1.4	34702	99	43	37	20	20260831	0.686	804048	20249152	10452	1428	2247	completed
lung_signaling_VUILD142MA	lung_signaling	0.1.4	9222	99	40	37	20	20260831	0.218	67718	2464952	3386	718	1071	completed
lung_signaling_VUILD48LA1	lung_signaling	0.1.4	20819	99	41	37	20	20260831	0.654	448980	11481840	14297	1363	2240	completed
lung_signaling_VUILD48LA2	lung_signaling	0.1.4	30302	99	40	37	20	20260831	0.891	700228	17644752	16153	1616	2522	completed
lung_signaling_VUILD49LA	lung_signaling	0.1.4	38280	99	41	37	20	20260831	1.2	902182	22641192	14951	1513	2327	completed
lung_signaling_VUILD58MA	lung_signaling	0.1.4	56733	99	44	37	20	20260831	1.383	1642248	39656880	15682	1998	3167	completed
lung_signaling_VUILD78LA	lung_signaling	0.1.4	26235	99	44	37	20	20260831	0.743	613136	15414880	12981	1462	2235	completed
lung_signaling_VUILD78MA	lung_signaling	0.1.4	35306	99	43	37	20	20260831	0.809	869660	21633872	13616	1361	2228	completed
lung_signaling_VUILD91LA	lung_signaling	0.1.4	15468	99	43	37	20	20260831	0.491	215046	6161032	13280	1439	2292	completed
lung_signaling_VUILD91MA	lung_signaling	0.1.4	24553	99	41	37	20	20260831	0.767	418140	11313120	14000	1395	2178	completed
lung_signaling_VUILD96LA	lung_signaling	0.1.4	44367	99	43	37	20	20260831	1.354	1012140	25570800	19322	1691	2602	completed
lung_signaling_VUILD96MA	lung_signaling	0.1.4	56478	99	44	37	20	20260831	1.606	1553790	37857112	16602	1634	2491	completed
