case	family	method	version	repetition	cells	inference_seconds	wall_seconds	peak_rss_GiB	status	scope	native_threads
cosmx_250	cosmx	SpatialESS	0.1.4	1	250	0.209	1.26	0.20941162109375	completed	single_prepared_fixture_worker	1
cosmx_250	cosmx	SpatialESS	0.1.4	2	250	0.21	1.25	0.20931243896484375	completed	single_prepared_fixture_worker	1
cosmx_250	cosmx	SpatialESS	0.1.4	3	250	0.208	1.26	0.2102203369140625	completed	single_prepared_fixture_worker	1
cosmx_1000	cosmx	SpatialESS	0.1.4	1	1000	0.294	1.31	0.21199798583984375	completed	single_prepared_fixture_worker	1
cosmx_1000	cosmx	SpatialESS	0.1.4	2	1000	0.298	1.34	0.21231842041015625	completed	single_prepared_fixture_worker	1
cosmx_1000	cosmx	SpatialESS	0.1.4	3	1000	0.296	1.36	0.2119293212890625	completed	single_prepared_fixture_worker	1
cosmx_5000	cosmx	SpatialESS	0.1.4	1	5000	0.771	1.83	0.22407150268554688	completed	single_prepared_fixture_worker	1
cosmx_5000	cosmx	SpatialESS	0.1.4	2	5000	0.775	1.82	0.22499465942382812	completed	single_prepared_fixture_worker	1
cosmx_5000	cosmx	SpatialESS	0.1.4	3	5000	0.78	1.84	0.22303009033203125	completed	single_prepared_fixture_worker	1
cosmx_10000	cosmx	SpatialESS	0.1.4	1	10000	1.434	2.51	0.20913314819335938	completed	single_prepared_fixture_worker	1
cosmx_10000	cosmx	SpatialESS	0.1.4	2	10000	1.429	2.52	0.20981597900390625	completed	single_prepared_fixture_worker	1
cosmx_10000	cosmx	SpatialESS	0.1.4	3	10000	1.421	2.49	0.20978546142578125	completed	single_prepared_fixture_worker	1
cosmx_25000	cosmx	SpatialESS	0.1.4	1	25000	3.64	4.73	0.2340545654296875	completed	single_prepared_fixture_worker	1
cosmx_25000	cosmx	SpatialESS	0.1.4	2	25000	3.625	4.72	0.234100341796875	completed	single_prepared_fixture_worker	1
cosmx_25000	cosmx	SpatialESS	0.1.4	3	25000	3.63	4.73	0.23404693603515625	completed	single_prepared_fixture_worker	1
cosmx_50000	cosmx	SpatialESS	0.1.4	1	50000	7.521	8.78	0.33966064453125	completed	single_prepared_fixture_worker	1
cosmx_50000	cosmx	SpatialESS	0.1.4	2	50000	7.499	8.74	0.34224700927734375	completed	single_prepared_fixture_worker	1
cosmx_50000	cosmx	SpatialESS	0.1.4	3	50000	7.911	9.54	0.34142303466796875	completed	single_prepared_fixture_worker	1
cosmx_100000	cosmx	SpatialESS	0.1.4	1	100000	17.211	18.59	0.4990348815917969	completed	single_prepared_fixture_worker	1
cosmx_100000	cosmx	SpatialESS	0.1.4	2	100000	16.933	18.31	0.4991493225097656	completed	single_prepared_fixture_worker	1
cosmx_100000	cosmx	SpatialESS	0.1.4	3	100000	17.041	18.45	0.5003433227539062	completed	single_prepared_fixture_worker	1
cosmx_200000	cosmx	SpatialESS	0.1.4	1	200000	38.491	40.33	0.8236045837402344	completed	single_prepared_fixture_worker	1
cosmx_200000	cosmx	SpatialESS	0.1.4	2	200000	38.128	39.97	0.8225822448730469	completed	single_prepared_fixture_worker	1
cosmx_200000	cosmx	SpatialESS	0.1.4	3	200000	38.004	40.22	0.8236160278320312	completed	single_prepared_fixture_worker	1
cosmx_443515	cosmx	SpatialESS	0.1.4	1	443515	91.871	94.41	1.5712738037109375	completed	single_prepared_fixture_worker	1
cosmx_443515	cosmx	SpatialESS	0.1.4	2	443515	93.052	95.6	1.5719947814941406	completed	single_prepared_fixture_worker	1
cosmx_443515	cosmx	SpatialESS	0.1.4	3	443515	92.115	94.66	1.5723419189453125	completed	single_prepared_fixture_worker	1
cervical_center_1000_default	cervical	SpatialESS	0.1.4	1	1000	1.27	2.32	0.21920013427734375	completed	single_prepared_fixture_worker	1
cervical_center_1000_default	cervical	SpatialESS	0.1.4	2	1000	1.245	2.31	0.22114944458007812	completed	single_prepared_fixture_worker	1
cervical_center_1000_default	cervical	SpatialESS	0.1.4	3	1000	1.246	2.29	0.2200927734375	completed	single_prepared_fixture_worker	1
cervical_center_1000_relaxed	cervical	SpatialESS	0.1.4	1	1000	1.115	2.17	0.2308502197265625	completed	single_prepared_fixture_worker	1
cervical_center_1000_relaxed	cervical	SpatialESS	0.1.4	2	1000	1.116	2.16	0.23086929321289062	completed	single_prepared_fixture_worker	1
cervical_center_1000_relaxed	cervical	SpatialESS	0.1.4	3	1000	1.113	2.17	0.23087692260742188	completed	single_prepared_fixture_worker	1
cervical_center_5000_default	cervical	SpatialESS	0.1.4	1	5000	4.823	5.87	0.22608184814453125	completed	single_prepared_fixture_worker	1
cervical_center_5000_default	cervical	SpatialESS	0.1.4	2	5000	4.925	5.99	0.2259521484375	completed	single_prepared_fixture_worker	1
cervical_center_5000_default	cervical	SpatialESS	0.1.4	3	5000	4.847	5.92	0.22492599487304688	completed	single_prepared_fixture_worker	1
cervical_center_5000_relaxed	cervical	SpatialESS	0.1.4	1	5000	4.459	5.51	0.239349365234375	completed	single_prepared_fixture_worker	1
cervical_center_5000_relaxed	cervical	SpatialESS	0.1.4	2	5000	4.439	5.49	0.23969268798828125	completed	single_prepared_fixture_worker	1
cervical_center_5000_relaxed	cervical	SpatialESS	0.1.4	3	5000	4.485	5.55	0.2392578125	completed	single_prepared_fixture_worker	1
cervical_stratified_1000_default	cervical	SpatialESS	0.1.4	1	1000	1.782	2.84	0.21905899047851562	completed	single_prepared_fixture_worker	1
cervical_stratified_1000_default	cervical	SpatialESS	0.1.4	2	1000	1.814	2.88	0.21905517578125	completed	single_prepared_fixture_worker	1
cervical_stratified_1000_default	cervical	SpatialESS	0.1.4	3	1000	1.786	2.82	0.21915817260742188	completed	single_prepared_fixture_worker	1
cervical_stratified_1000_relaxed	cervical	SpatialESS	0.1.4	1	1000	1.104	2.15	0.2367401123046875	completed	single_prepared_fixture_worker	1
cervical_stratified_1000_relaxed	cervical	SpatialESS	0.1.4	2	1000	1.131	2.2	0.23740768432617188	completed	single_prepared_fixture_worker	1
cervical_stratified_1000_relaxed	cervical	SpatialESS	0.1.4	3	1000	1.112	2.17	0.23559188842773438	completed	single_prepared_fixture_worker	1
cervical_stratified_5000_default	cervical	SpatialESS	0.1.4	1	5000	5.586	6.64	0.22753524780273438	completed	single_prepared_fixture_worker	1
cervical_stratified_5000_default	cervical	SpatialESS	0.1.4	2	5000	5.663	6.72	0.22692108154296875	completed	single_prepared_fixture_worker	1
cervical_stratified_5000_default	cervical	SpatialESS	0.1.4	3	5000	5.622	6.69	0.22686767578125	completed	single_prepared_fixture_worker	1
cervical_stratified_5000_relaxed	cervical	SpatialESS	0.1.4	1	5000	4.466	5.51	0.24120330810546875	completed	single_prepared_fixture_worker	1
cervical_stratified_5000_relaxed	cervical	SpatialESS	0.1.4	2	5000	4.481	5.53	0.23966217041015625	completed	single_prepared_fixture_worker	1
cervical_stratified_5000_relaxed	cervical	SpatialESS	0.1.4	3	5000	4.443	5.49	0.23864364624023438	completed	single_prepared_fixture_worker	1
ovarian_raw_1000	ovarian	SpatialESS	0.1.4	1	1000	2.141	3.21	0.24446868896484375	completed	single_prepared_fixture_worker	1
ovarian_raw_1000	ovarian	SpatialESS	0.1.4	2	1000	2.124	3.17	0.24441909790039062	completed	single_prepared_fixture_worker	1
ovarian_raw_1000	ovarian	SpatialESS	0.1.4	3	1000	2.152	3.21	0.24449539184570312	completed	single_prepared_fixture_worker	1
ovarian_raw_5000	ovarian	SpatialESS	0.1.4	1	5000	11.003	12.07	0.24988555908203125	completed	single_prepared_fixture_worker	1
ovarian_raw_5000	ovarian	SpatialESS	0.1.4	2	5000	11.079	12.15	0.2508430480957031	completed	single_prepared_fixture_worker	1
ovarian_raw_5000	ovarian	SpatialESS	0.1.4	3	5000	11.19	12.26	0.24988937377929688	completed	single_prepared_fixture_worker	1
ovarian_raw_16247	ovarian	SpatialESS	0.1.4	1	16247	38.187	39.39	0.2844085693359375	completed	single_prepared_fixture_worker	1
ovarian_raw_16247	ovarian	SpatialESS	0.1.4	2	16247	37.884	39.09	0.284149169921875	completed	single_prepared_fixture_worker	1
ovarian_raw_16247	ovarian	SpatialESS	0.1.4	3	16247	37.968	39.14	0.28934478759765625	completed	single_prepared_fixture_worker	1
ovarian_sparkle_1000	ovarian	SpatialESS	0.1.4	1	1000	2.026	3.06	0.24560546875	completed	single_prepared_fixture_worker	1
ovarian_sparkle_1000	ovarian	SpatialESS	0.1.4	2	1000	2.037	3.08	0.24456405639648438	completed	single_prepared_fixture_worker	1
ovarian_sparkle_1000	ovarian	SpatialESS	0.1.4	3	1000	2.042	3.09	0.24456405639648438	completed	single_prepared_fixture_worker	1
ovarian_sparkle_5000	ovarian	SpatialESS	0.1.4	1	5000	9.507	10.56	0.2530326843261719	completed	single_prepared_fixture_worker	1
ovarian_sparkle_5000	ovarian	SpatialESS	0.1.4	2	5000	9.447	10.51	0.2530517578125	completed	single_prepared_fixture_worker	1
ovarian_sparkle_5000	ovarian	SpatialESS	0.1.4	3	5000	9.422	10.48	0.2530479431152344	completed	single_prepared_fixture_worker	1
ovarian_sparkle_16247	ovarian	SpatialESS	0.1.4	1	16247	32.72	34.12	0.2615394592285156	completed	single_prepared_fixture_worker	1
ovarian_sparkle_16247	ovarian	SpatialESS	0.1.4	2	16247	32.527	33.72	0.2615776062011719	completed	single_prepared_fixture_worker	1
ovarian_sparkle_16247	ovarian	SpatialESS	0.1.4	3	16247	32.646	33.82	0.2620735168457031	completed	single_prepared_fixture_worker	1
gse306130_6_BCC_1000	gse306130	SpatialESS	0.1.4	1	1000	0.141	1.17	0.18700790405273438	completed	single_prepared_fixture_worker	1
gse306130_35_BCC_1000	gse306130	SpatialESS	0.1.4	1	1000	0.145	1.16	0.184661865234375	completed	single_prepared_fixture_worker	1
gse306130_35_BCC_5000	gse306130	SpatialESS	0.1.4	1	5000	0.333	1.37	0.1924896240234375	completed	single_prepared_fixture_worker	1
gse306130_35_BCC_10000	gse306130	SpatialESS	0.1.4	1	10000	0.618	1.65	0.2099609375	completed	single_prepared_fixture_worker	1
gse306130_35_BCC_25000	gse306130	SpatialESS	0.1.4	1	25000	1.227	2.29	0.22185897827148438	completed	single_prepared_fixture_worker	1
gse306130_35_BCC_50000	gse306130	SpatialESS	0.1.4	1	50000	2.571	3.66	0.30068206787109375	completed	single_prepared_fixture_worker	1
gse306130_4_SCC_1000	gse306130	SpatialESS	0.1.4	1	1000	0.154	1.18	0.18651199340820312	completed	single_prepared_fixture_worker	1
gse306130_23_SCC_1000	gse306130	SpatialESS	0.1.4	1	1000	0.147	1.16	0.18695068359375	completed	single_prepared_fixture_worker	1
gse313006_1000_boot20	gse313006	SpatialESS	0.1.4	1	1000	0.17	1.19	0.20352935791015625	completed	single_prepared_fixture_worker	1
gse313006_1000_boot100	gse313006	SpatialESS	0.1.4	1	1000	0.284	1.3	0.20940399169921875	completed	single_prepared_fixture_worker	1
lung_paper_THD0008	lung_paper	SpatialESS	0.1.4	1	69227	2.47	3.61	0.32056427001953125	completed	single_prepared_fixture_worker	1
lung_teacher_THD0008	lung_teacher	SpatialESS	0.1.4	1	69227	170.287	171.66	2.4898681640625	completed	single_prepared_fixture_worker	1
lung_paper_THD0011	lung_paper	SpatialESS	0.1.4	1	25364	0.589	1.66	0.2005615234375	completed	single_prepared_fixture_worker	1
lung_teacher_THD0011	lung_teacher	SpatialESS	0.1.4	1	25364	20.73	21.89	0.6818504333496094	completed	single_prepared_fixture_worker	1
lung_paper_TILD028LA	lung_paper	SpatialESS	0.1.4	1	24813	0.739	1.79	0.20264053344726562	completed	single_prepared_fixture_worker	1
lung_teacher_TILD028LA	lung_teacher	SpatialESS	0.1.4	1	24813	34.998	36.19	0.7842330932617188	completed	single_prepared_fixture_worker	1
lung_paper_TILD049MA	lung_paper	SpatialESS	0.1.4	1	11140	0.372	1.42	0.20459747314453125	completed	single_prepared_fixture_worker	1
lung_teacher_TILD049MA	lung_teacher	SpatialESS	0.1.4	1	11140	13.803	14.94	0.47347259521484375	completed	single_prepared_fixture_worker	1
lung_paper_TILD080LA	lung_paper	SpatialESS	0.1.4	1	51212	1.746	2.85	0.2503395080566406	completed	single_prepared_fixture_worker	1
lung_teacher_TILD080LA	lung_teacher	SpatialESS	0.1.4	1	51212	120.208	121.49	1.7501220703125	completed	single_prepared_fixture_worker	1
lung_paper_TILD111LA	lung_paper	SpatialESS	0.1.4	1	29566	0.89	1.94	0.22790145874023438	completed	single_prepared_fixture_worker	1
lung_teacher_TILD111LA	lung_teacher	SpatialESS	0.1.4	1	29566	40.165	41.43	0.8125648498535156	completed	single_prepared_fixture_worker	1
lung_teacher_TILD111LA	lung_teacher	SpatialESS	0.1.4	2	29566	39.949	41.24	0.8095207214355469	completed	single_prepared_fixture_worker	1
lung_teacher_TILD111LA	lung_teacher	SpatialESS	0.1.4	3	29566	40.166	41.46	0.81011962890625	completed	single_prepared_fixture_worker	1
lung_paper_TILD113LA	lung_paper	SpatialESS	0.1.4	1	24202	0.619	1.69	0.21190643310546875	completed	single_prepared_fixture_worker	1
lung_teacher_TILD113LA	lung_teacher	SpatialESS	0.1.4	1	24202	26.081	27.24	0.5793228149414062	completed	single_prepared_fixture_worker	1
lung_paper_TILD117LA	lung_paper	SpatialESS	0.1.4	1	36707	1.306	2.39	0.23149490356445312	completed	single_prepared_fixture_worker	1
lung_teacher_TILD117LA	lung_teacher	SpatialESS	0.1.4	1	36707	80.932	82.15	1.2086601257324219	completed	single_prepared_fixture_worker	1
lung_paper_TILD117MA1	lung_paper	SpatialESS	0.1.4	1	49231	1.649	2.78	0.2552490234375	completed	single_prepared_fixture_worker	1
lung_teacher_TILD117MA1	lung_teacher	SpatialESS	0.1.4	1	49231	115.535	116.78999999999999	1.7730445861816406	completed	single_prepared_fixture_worker	1
lung_paper_TILD117MA2	lung_paper	SpatialESS	0.1.4	1	35271	1.029	2.21	0.2217864990234375	completed	single_prepared_fixture_worker	1
lung_teacher_TILD117MA2	lung_teacher	SpatialESS	0.1.4	1	35271	67.594	68.82	1.1861381530761719	completed	single_prepared_fixture_worker	1
lung_paper_TILD130LA	lung_paper	SpatialESS	0.1.4	1	24547	0.721	1.76	0.20156478881835938	completed	single_prepared_fixture_worker	1
lung_teacher_TILD130LA	lung_teacher	SpatialESS	0.1.4	1	24547	38.944	40.11	0.7074737548828125	completed	single_prepared_fixture_worker	1
lung_paper_TILD167LA	lung_paper	SpatialESS	0.1.4	1	15870	0.419	1.45	0.208099365234375	completed	single_prepared_fixture_worker	1
lung_teacher_TILD167LA	lung_teacher	SpatialESS	0.1.4	1	15870	14.599	15.73	0.4652900695800781	completed	single_prepared_fixture_worker	1
lung_paper_TILD175MA	lung_paper	SpatialESS	0.1.4	1	35887	1.171	2.27	0.22683334350585938	completed	single_prepared_fixture_worker	1
lung_teacher_TILD175MA	lung_teacher	SpatialESS	0.1.4	1	35887	68.988	70.22	1.2876358032226562	completed	single_prepared_fixture_worker	1
lung_paper_TILD299MA	lung_paper	SpatialESS	0.1.4	1	52992	1.814	2.93	0.266845703125	completed	single_prepared_fixture_worker	1
lung_teacher_TILD299MA	lung_teacher	SpatialESS	0.1.4	1	52992	119.81	121.11	1.9841346740722656	completed	single_prepared_fixture_worker	1
lung_paper_TILD315MA	lung_paper	SpatialESS	0.1.4	1	37361	1.174	2.28	0.22558975219726562	completed	single_prepared_fixture_worker	1
lung_teacher_TILD315MA	lung_teacher	SpatialESS	0.1.4	1	37361	58.043	59.27	1.1941986083984375	completed	single_prepared_fixture_worker	1
lung_paper_VUHD038	lung_paper	SpatialESS	0.1.4	1	5941	0.197	1.24	0.19263839721679688	completed	single_prepared_fixture_worker	1
lung_teacher_VUHD038	lung_teacher	SpatialESS	0.1.4	1	5941	3.557	4.65	0.2549781799316406	completed	single_prepared_fixture_worker	1
lung_paper_VUHD049	lung_paper	SpatialESS	0.1.4	1	22688	0.593	1.66	0.21004867553710938	completed	single_prepared_fixture_worker	1
lung_teacher_VUHD049	lung_teacher	SpatialESS	0.1.4	1	22688	20.04	21.19	0.6456031799316406	completed	single_prepared_fixture_worker	1
lung_paper_VUHD069	lung_paper	SpatialESS	0.1.4	1	19976	0.591	1.63	0.211334228515625	completed	single_prepared_fixture_worker	1
lung_teacher_VUHD069	lung_teacher	SpatialESS	0.1.4	1	19976	23.256	24.42	0.6156806945800781	completed	single_prepared_fixture_worker	1
lung_paper_VUHD090	lung_paper	SpatialESS	0.1.4	1	16110	0.397	1.42	0.20747756958007812	completed	single_prepared_fixture_worker	1
lung_teacher_VUHD090	lung_teacher	SpatialESS	0.1.4	1	16110	10.944	12.07	0.4170684814453125	completed	single_prepared_fixture_worker	1
lung_paper_VUHD095	lung_paper	SpatialESS	0.1.4	1	11442	0.353	1.38	0.203460693359375	completed	single_prepared_fixture_worker	1
lung_teacher_VUHD095	lung_teacher	SpatialESS	0.1.4	1	11442	11.522	12.64	0.4820365905761719	completed	single_prepared_fixture_worker	1
lung_paper_VUHD113	lung_paper	SpatialESS	0.1.4	1	12870	0.367	1.4	0.20637130737304688	completed	single_prepared_fixture_worker	1
lung_teacher_VUHD113	lung_teacher	SpatialESS	0.1.4	1	12870	10.067	11.17	0.3615913391113281	completed	single_prepared_fixture_worker	1
lung_paper_VUHD116A	lung_paper	SpatialESS	0.1.4	1	12372	0.426	1.47	0.20826339721679688	completed	single_prepared_fixture_worker	1
lung_teacher_VUHD116A	lung_teacher	SpatialESS	0.1.4	1	12372	13.32	14.4	0.4174919128417969	completed	single_prepared_fixture_worker	1
lung_paper_VUHD116B	lung_paper	SpatialESS	0.1.4	1	29147	0.86	1.93	0.2288360595703125	completed	single_prepared_fixture_worker	1
lung_teacher_VUHD116B	lung_teacher	SpatialESS	0.1.4	1	29147	40.188	41.39	1.0019454956054688	completed	single_prepared_fixture_worker	1
lung_paper_VUILD102LA	lung_paper	SpatialESS	0.1.4	1	26364	0.796	1.85	0.22582626342773438	completed	single_prepared_fixture_worker	1
lung_teacher_VUILD102LA	lung_teacher	SpatialESS	0.1.4	1	26364	45.25	46.4	0.7133979797363281	completed	single_prepared_fixture_worker	1
lung_paper_VUILD102MA	lung_paper	SpatialESS	0.1.4	1	31517	0.922	2.0	0.22697830200195312	completed	single_prepared_fixture_worker	1
lung_teacher_VUILD102MA	lung_teacher	SpatialESS	0.1.4	1	31517	59.026	60.2	0.8909988403320312	completed	single_prepared_fixture_worker	1
lung_paper_VUILD104MA1	lung_paper	SpatialESS	0.1.4	1	35502	1.21	2.42	0.225830078125	completed	single_prepared_fixture_worker	1
lung_teacher_VUILD104MA1	lung_teacher	SpatialESS	0.1.4	1	35502	82.535	83.75	1.290863037109375	completed	single_prepared_fixture_worker	1
lung_paper_VUILD104MA2	lung_paper	SpatialESS	0.1.4	1	37764	1.098	2.19	0.2239990234375	completed	single_prepared_fixture_worker	1
lung_teacher_VUILD104MA2	lung_teacher	SpatialESS	0.1.4	1	37764	51.36	52.58	1.1304855346679688	completed	single_prepared_fixture_worker	1
lung_paper_VUILD105MA1	lung_paper	SpatialESS	0.1.4	1	21108	0.708	1.76	0.20351791381835938	completed	single_prepared_fixture_worker	1
lung_teacher_VUILD105MA1	lung_teacher	SpatialESS	0.1.4	1	21108	44.576	45.75	0.7323455810546875	completed	single_prepared_fixture_worker	1
lung_paper_VUILD105MA2	lung_paper	SpatialESS	0.1.4	1	21178	0.615	1.67	0.20930862426757812	completed	single_prepared_fixture_worker	1
lung_teacher_VUILD105MA2	lung_teacher	SpatialESS	0.1.4	1	21178	28.168	29.33	0.7498321533203125	completed	single_prepared_fixture_worker	1
lung_paper_VUILD106MA	lung_paper	SpatialESS	0.1.4	1	124717	4.215	5.56	0.39949798583984375	completed	single_prepared_fixture_worker	1
lung_teacher_VUILD106MA	lung_teacher	SpatialESS	0.1.4	1	124717	253.087	254.75	4.059856414794922	completed	single_prepared_fixture_worker	1
lung_paper_VUILD107MA	lung_paper	SpatialESS	0.1.4	1	68413	2.459	3.6	0.32198333740234375	completed	single_prepared_fixture_worker	1
lung_teacher_VUILD107MA	lung_teacher	SpatialESS	0.1.4	1	68413	193.74	195.12	3.1588478088378906	completed	single_prepared_fixture_worker	1
lung_paper_VUILD110LA	lung_paper	SpatialESS	0.1.4	1	122815	4.142	5.51	0.43695068359375	completed	single_prepared_fixture_worker	1
lung_teacher_VUILD110LA	lung_teacher	SpatialESS	0.1.4	1	122815	244.307	245.98	4.329933166503906	completed	single_prepared_fixture_worker	1
lung_paper_VUILD115MA	lung_paper	SpatialESS	0.1.4	1	94540	2.981	4.17	0.3227996826171875	completed	single_prepared_fixture_worker	1
lung_teacher_VUILD115MA	lung_teacher	SpatialESS	0.1.4	1	94540	167.982	169.49	2.8015403747558594	completed	single_prepared_fixture_worker	1
lung_teacher_VUILD115MA	lung_teacher	SpatialESS	0.1.4	2	94540	168.634	170.17000000000002	2.7986831665039062	completed	single_prepared_fixture_worker	1
lung_teacher_VUILD115MA	lung_teacher	SpatialESS	0.1.4	3	94540	168.444	169.98	2.8001556396484375	completed	single_prepared_fixture_worker	1
lung_paper_VUILD141MA	lung_paper	SpatialESS	0.1.4	1	34702	0.702	1.79	0.22493743896484375	completed	single_prepared_fixture_worker	1
lung_teacher_VUILD141MA	lung_teacher	SpatialESS	0.1.4	1	34702	23.283	24.5	0.9543037414550781	completed	single_prepared_fixture_worker	1
lung_paper_VUILD142MA	lung_paper	SpatialESS	0.1.4	1	9222	0.222	1.27	0.19658660888671875	completed	single_prepared_fixture_worker	1
lung_teacher_VUILD142MA	lung_teacher	SpatialESS	0.1.4	1	9222	3.681	4.78	0.2718238830566406	completed	single_prepared_fixture_worker	1
lung_paper_VUILD48LA1	lung_paper	SpatialESS	0.1.4	1	20819	0.66	1.74	0.2122802734375	completed	single_prepared_fixture_worker	1
lung_teacher_VUILD48LA1	lung_teacher	SpatialESS	0.1.4	1	20819	28.531	29.67	0.5902671813964844	completed	single_prepared_fixture_worker	1
lung_paper_VUILD48LA2	lung_paper	SpatialESS	0.1.4	1	30302	0.909	1.96	0.22882843017578125	completed	single_prepared_fixture_worker	1
lung_teacher_VUILD48LA2	lung_teacher	SpatialESS	0.1.4	1	30302	48.703	49.88	0.8852081298828125	completed	single_prepared_fixture_worker	1
lung_paper_VUILD49LA	lung_paper	SpatialESS	0.1.4	1	38280	1.114	2.29	0.22755813598632812	completed	single_prepared_fixture_worker	1
lung_teacher_VUILD49LA	lung_teacher	SpatialESS	0.1.4	1	38280	62.872	64.1	1.1635856628417969	completed	single_prepared_fixture_worker	1
lung_paper_VUILD58MA	lung_paper	SpatialESS	0.1.4	1	56733	1.392	2.51	0.26209259033203125	completed	single_prepared_fixture_worker	1
lung_teacher_VUILD58MA	lung_teacher	SpatialESS	0.1.4	1	56733	58.791	60.08	1.72357177734375	completed	single_prepared_fixture_worker	1
lung_paper_VUILD78LA	lung_paper	SpatialESS	0.1.4	1	26235	0.739	1.81	0.20346450805664062	completed	single_prepared_fixture_worker	1
lung_teacher_VUILD78LA	lung_teacher	SpatialESS	0.1.4	1	26235	41.476	42.65	0.8389472961425781	completed	single_prepared_fixture_worker	1
lung_paper_VUILD78MA	lung_paper	SpatialESS	0.1.4	1	35306	0.813	1.89	0.2177886962890625	completed	single_prepared_fixture_worker	1
lung_teacher_VUILD78MA	lung_teacher	SpatialESS	0.1.4	1	35306	37.364	38.58	1.0934867858886719	completed	single_prepared_fixture_worker	1
lung_paper_VUILD91LA	lung_paper	SpatialESS	0.1.4	1	15468	0.493	1.54	0.20936965942382812	completed	single_prepared_fixture_worker	1
lung_teacher_VUILD91LA	lung_teacher	SpatialESS	0.1.4	1	15468	23.002	24.15	0.4715576171875	completed	single_prepared_fixture_worker	1
lung_paper_VUILD91MA	lung_paper	SpatialESS	0.1.4	1	24553	0.762	1.84	0.20459747314453125	completed	single_prepared_fixture_worker	1
lung_teacher_VUILD91MA	lung_teacher	SpatialESS	0.1.4	1	24553	45.108	46.26	0.7333221435546875	completed	single_prepared_fixture_worker	1
lung_paper_VUILD96LA	lung_paper	SpatialESS	0.1.4	1	44367	1.283	2.48	0.2454833984375	completed	single_prepared_fixture_worker	1
lung_teacher_VUILD96LA	lung_teacher	SpatialESS	0.1.4	1	44367	68.311	69.56	1.3303184509277344	completed	single_prepared_fixture_worker	1
lung_paper_VUILD96MA	lung_paper	SpatialESS	0.1.4	1	56478	1.629	2.76	0.283416748046875	completed	single_prepared_fixture_worker	1
lung_teacher_VUILD96MA	lung_teacher	SpatialESS	0.1.4	1	56478	82.545	83.95	1.7724533081054688	completed	single_prepared_fixture_worker	1
lung_teacher_VUILD96MA	lung_teacher	SpatialESS	0.1.4	2	56478	82.166	83.57	1.7693061828613281	completed	single_prepared_fixture_worker	1
lung_teacher_VUILD96MA	lung_teacher	SpatialESS	0.1.4	3	56478	82.141	83.57	1.7674636840820312	completed	single_prepared_fixture_worker	1
lung_signaling_THD0008	lung_signaling	SpatialESS	0.1.4	1	69227	2.467	3.58	0.2971153259277344	completed	single_prepared_fixture_worker	1
lung_signaling_THD0011	lung_signaling	SpatialESS	0.1.4	1	25364	0.595	1.63	0.20994949340820312	completed	single_prepared_fixture_worker	1
lung_signaling_TILD028LA	lung_signaling	SpatialESS	0.1.4	1	24813	0.748	1.79	0.21215057373046875	completed	single_prepared_fixture_worker	1
lung_signaling_TILD049MA	lung_signaling	SpatialESS	0.1.4	1	11140	0.373	1.41	0.20055007934570312	completed	single_prepared_fixture_worker	1
lung_signaling_TILD080LA	lung_signaling	SpatialESS	0.1.4	1	51212	1.757	2.86	0.252777099609375	completed	single_prepared_fixture_worker	1
lung_signaling_TILD111LA	lung_signaling	SpatialESS	0.1.4	1	29566	0.823	1.89	0.21529388427734375	completed	single_prepared_fixture_worker	1
lung_signaling_TILD113LA	lung_signaling	SpatialESS	0.1.4	1	24202	0.612	1.65	0.20824813842773438	completed	single_prepared_fixture_worker	1
lung_signaling_TILD117LA	lung_signaling	SpatialESS	0.1.4	1	36707	1.297	2.38	0.21971893310546875	completed	single_prepared_fixture_worker	1
lung_signaling_TILD117MA1	lung_signaling	SpatialESS	0.1.4	1	49231	1.641	2.72	0.2512321472167969	completed	single_prepared_fixture_worker	1
lung_signaling_TILD117MA2	lung_signaling	SpatialESS	0.1.4	1	35271	1.133	2.2	0.20937347412109375	completed	single_prepared_fixture_worker	1
lung_signaling_TILD130LA	lung_signaling	SpatialESS	0.1.4	1	24547	0.732	1.79	0.20656585693359375	completed	single_prepared_fixture_worker	1
lung_signaling_TILD167LA	lung_signaling	SpatialESS	0.1.4	1	15870	0.418	1.47	0.20459365844726562	completed	single_prepared_fixture_worker	1
lung_signaling_TILD175MA	lung_signaling	SpatialESS	0.1.4	1	35887	1.18	2.23	0.21516799926757812	completed	single_prepared_fixture_worker	1
lung_signaling_TILD299MA	lung_signaling	SpatialESS	0.1.4	1	52992	1.8	2.89	0.26317596435546875	completed	single_prepared_fixture_worker	1
lung_signaling_TILD315MA	lung_signaling	SpatialESS	0.1.4	1	37361	1.164	2.22	0.21529006958007812	completed	single_prepared_fixture_worker	1
lung_signaling_VUHD038	lung_signaling	SpatialESS	0.1.4	1	5941	0.196	1.23	0.19097137451171875	completed	single_prepared_fixture_worker	1
lung_signaling_VUHD049	lung_signaling	SpatialESS	0.1.4	1	22688	0.595	1.64	0.21005630493164062	completed	single_prepared_fixture_worker	1
lung_signaling_VUHD069	lung_signaling	SpatialESS	0.1.4	1	19976	0.583	1.66	0.21203231811523438	completed	single_prepared_fixture_worker	1
lung_signaling_VUHD090	lung_signaling	SpatialESS	0.1.4	1	16110	0.394	1.45	0.2035064697265625	completed	single_prepared_fixture_worker	1
lung_signaling_VUHD095	lung_signaling	SpatialESS	0.1.4	1	11442	0.354	1.38	0.2005615234375	completed	single_prepared_fixture_worker	1
lung_signaling_VUHD113	lung_signaling	SpatialESS	0.1.4	1	12870	0.365	1.38	0.20045089721679688	completed	single_prepared_fixture_worker	1
lung_signaling_VUHD116A	lung_signaling	SpatialESS	0.1.4	1	12372	0.419	1.44	0.2015838623046875	completed	single_prepared_fixture_worker	1
lung_signaling_VUHD116B	lung_signaling	SpatialESS	0.1.4	1	29147	0.837	1.88	0.20458984375	completed	single_prepared_fixture_worker	1
lung_signaling_VUILD102LA	lung_signaling	SpatialESS	0.1.4	1	26364	0.793	1.85	0.211273193359375	completed	single_prepared_fixture_worker	1
lung_signaling_VUILD102MA	lung_signaling	SpatialESS	0.1.4	1	31517	0.912	1.97	0.2151641845703125	completed	single_prepared_fixture_worker	1
lung_signaling_VUILD104MA1	lung_signaling	SpatialESS	0.1.4	1	35502	1.287	2.34	0.22080230712890625	completed	single_prepared_fixture_worker	1
lung_signaling_VUILD104MA2	lung_signaling	SpatialESS	0.1.4	1	37764	1.071	2.12	0.21411895751953125	completed	single_prepared_fixture_worker	1
lung_signaling_VUILD105MA1	lung_signaling	SpatialESS	0.1.4	1	21108	0.71	1.75	0.20940399169921875	completed	single_prepared_fixture_worker	1
lung_signaling_VUILD105MA2	lung_signaling	SpatialESS	0.1.4	1	21178	0.611	1.62	0.21239852905273438	completed	single_prepared_fixture_worker	1
lung_signaling_VUILD106MA	lung_signaling	SpatialESS	0.1.4	1	124717	4.278	5.46	0.3457679748535156	completed	single_prepared_fixture_worker	1
lung_signaling_VUILD107MA	lung_signaling	SpatialESS	0.1.4	1	68413	2.45	3.57	0.3033180236816406	completed	single_prepared_fixture_worker	1
lung_signaling_VUILD110LA	lung_signaling	SpatialESS	0.1.4	1	122815	4.204	5.37	0.3763236999511719	completed	single_prepared_fixture_worker	1
lung_signaling_VUILD115MA	lung_signaling	SpatialESS	0.1.4	1	94540	2.989	4.13	0.2984352111816406	completed	single_prepared_fixture_worker	1
lung_signaling_VUILD141MA	lung_signaling	SpatialESS	0.1.4	1	34702	0.686	1.75	0.20446395874023438	completed	single_prepared_fixture_worker	1
lung_signaling_VUILD142MA	lung_signaling	SpatialESS	0.1.4	1	9222	0.218	1.22	0.1945953369140625	completed	single_prepared_fixture_worker	1
lung_signaling_VUILD48LA1	lung_signaling	SpatialESS	0.1.4	1	20819	0.654	1.7	0.20798110961914062	completed	single_prepared_fixture_worker	1
lung_signaling_VUILD48LA2	lung_signaling	SpatialESS	0.1.4	1	30302	0.891	1.95	0.20354080200195312	completed	single_prepared_fixture_worker	1
lung_signaling_VUILD49LA	lung_signaling	SpatialESS	0.1.4	1	38280	1.2	2.27	0.21905899047851562	completed	single_prepared_fixture_worker	1
lung_signaling_VUILD58MA	lung_signaling	SpatialESS	0.1.4	1	56733	1.383	2.45	0.2523956298828125	completed	single_prepared_fixture_worker	1
lung_signaling_VUILD78LA	lung_signaling	SpatialESS	0.1.4	1	26235	0.743	1.77	0.21791458129882812	completed	single_prepared_fixture_worker	1
lung_signaling_VUILD78MA	lung_signaling	SpatialESS	0.1.4	1	35306	0.809	1.85	0.20812606811523438	completed	single_prepared_fixture_worker	1
lung_signaling_VUILD91LA	lung_signaling	SpatialESS	0.1.4	1	15468	0.491	1.53	0.20543289184570312	completed	single_prepared_fixture_worker	1
lung_signaling_VUILD91MA	lung_signaling	SpatialESS	0.1.4	1	24553	0.767	1.83	0.21386337280273438	completed	single_prepared_fixture_worker	1
lung_signaling_VUILD96LA	lung_signaling	SpatialESS	0.1.4	1	44367	1.354	2.39	0.22787857055664062	completed	single_prepared_fixture_worker	1
lung_signaling_VUILD96MA	lung_signaling	SpatialESS	0.1.4	1	56478	1.606	2.7	0.26392364501953125	completed	single_prepared_fixture_worker	1
