case	input_filename	input_sha256	cells	genes	group_count	seed	nboot
cosmx_250	cosmx_250.rds	96e747d367737837d148904b50c363b13a772eafd8be80bc812b12a047896928	250	419	8	20260803	20
cosmx_1000	cosmx_1000.rds	53d3b649af45316ec1a7963cd347788cfb3a8f03bb86f8e8add02c632609736a	1000	419	10	20260803	20
cosmx_5000	cosmx_5000.rds	708e96948d48ac5c95eaa3368b7f31a22fc26c5d6d78a2d3eea209b40a9f27d5	5000	419	10	20260803	20
cosmx_10000	cosmx_10000.rds	962564a366374c3f4715a146d9e6a6ca4b5f643697092ba061b6413dca783772	10000	419	10	20260803	20
cosmx_25000	cosmx_25000.rds	e15820f449d57605f8260bb41b66f26a739c18c3a0cd9c3db370cd88832af808	25000	419	11	20260803	20
cosmx_50000	cosmx_50000.rds	ead0c4750458e571acad7b75babac30c8fbb1d51b53fc376f9b61681d201c8b3	50000	419	12	20260803	20
cosmx_100000	cosmx_100000.rds	a46c63662010faa1d743e882ab5b9535eb598c29aa629e146583cf779a72ad46	100000	419	12	20260803	20
cosmx_200000	cosmx_200000.rds	01a51d3277531ccd3f5fb8fc513ebf9aa4f2d28fee04e184e0674abbd17929d4	200000	419	12	20260803	20
cosmx_443515	cosmx_443515.rds	fff31dd6977633e1b38b5ec944c0b70e86583a5eb3dc802caa0f33542394f988	443515	419	12	20260803	20
cervical_center_1000_default	cervical_center_1000_default.rds	cb34607cc1a26cea606413ba073bf133580ca64801d1d220391014f325fc4241	1000	730	13	1	100
cervical_center_1000_relaxed	cervical_center_1000_relaxed.rds	57bbc9b37f4ba36319bb91254e493ef1a42fedf9220ca00714e017db7ed658f6	1000	730	13	1	100
cervical_center_5000_default	cervical_center_5000_default.rds	125efec834e3b0a00224787d273f8720f681edeef75622fdd2bc854e2033f59c	5000	730	14	1	100
cervical_center_5000_relaxed	cervical_center_5000_relaxed.rds	c0d924bba0438e7bd2aa5d42f53da4af30fe435b0097b9c69dcec8c8955b174b	5000	730	14	1	100
cervical_stratified_1000_default	cervical_stratified_1000_default.rds	13f48a30b2e7cd4d8665e476dbefe72779012da06e6e755e9bd4f2125759dc05	1000	730	23	1	100
cervical_stratified_1000_relaxed	cervical_stratified_1000_relaxed.rds	2a2f5e7ce624c7aca54692a2d929b14bcafa3de2de7fdf8bd31cf15a8fab4e74	1000	730	23	1	100
cervical_stratified_5000_default	cervical_stratified_5000_default.rds	e66818126314b38022d67b52f1232d71c618c9c166da62d2c317267db92155b5	5000	730	23	1	100
cervical_stratified_5000_relaxed	cervical_stratified_5000_relaxed.rds	be26144f10f6170a4ffe9580a5962b57d05812af59296496d86e1f899e52744e	5000	730	23	1	100
ovarian_raw_1000	ovarian_raw_1000.rds	03b2132adffe6bc71e96bc0eee67eef1b3d5fd0f60624bd276158263cf3ea660	1000	967	13	20260903	100
ovarian_raw_5000	ovarian_raw_5000.rds	c70b034bad11e5a2216d1a0d754e2fba880f5a8445fae2a1002cf3e66fef9ec4	5000	967	16	20260903	100
ovarian_raw_16247	ovarian_raw_16247.rds	e7175b7e5bc03bf190823bed5f1e191b5f67d2dfd7f341060d5f257948e1c997	16247	967	17	20260903	100
ovarian_sparkle_1000	ovarian_sparkle_1000.rds	9a1815e2a689f51e4ec4343eea761d6ea61c96ac9d40c5e529614e60975e2318	1000	967	13	20260903	100
ovarian_sparkle_5000	ovarian_sparkle_5000.rds	b5c884459763359db8b0647108a6dd0a31c757a750ce570abd3b97ce42730fa8	5000	967	16	20260903	100
ovarian_sparkle_16247	ovarian_sparkle_16247.rds	23f889e0e66210c3742e60d5db6907e87dc65c7cd6bf7f4727643f961f624132	16247	967	17	20260903	100
gse306130_6_BCC_1000	gse306130_6_BCC_1000.rds	c8fe9db760f9c0653cf2627c7e432557aa0df7660e50cb6c001cc9ae57f1f8e2	1000	83	12	20260828	20
gse306130_35_BCC_1000	gse306130_35_BCC_1000.rds	45c4e0cff9fa49a420f53e857d3b4e4a509aebf9c7a239854d412489fb7f8e24	1000	83	10	20260828	20
gse306130_35_BCC_5000	gse306130_35_BCC_5000.rds	8d58ed26e0c1877d0c2548a05897e17014665ef2d09e15e010184879daa849d6	5000	83	12	20260828	20
gse306130_35_BCC_10000	gse306130_35_BCC_10000.rds	55a022dc9b98756ea30d1bde61b1d3dc3a6958017221d77aec50e4295a5acf29	10000	83	12	20260828	20
gse306130_35_BCC_25000	gse306130_35_BCC_25000.rds	db6b595ad38c9aa0a374b171224a2f521bd9ab3274632809fd08b35f25f135d1	25000	83	12	20260828	20
gse306130_35_BCC_50000	gse306130_35_BCC_50000.rds	21ed3ede8e20219e9d40a8b8ec85038a7e0ed582b9e7576e9618ecb79f081c02	50000	83	12	20260828	20
gse306130_4_SCC_1000	gse306130_4_SCC_1000.rds	bbdba4e41c63f056adc62e1e1ed311bdf74905e6f749c15b536987d5b07c0cf8	1000	83	12	20260828	20
gse306130_23_SCC_1000	gse306130_23_SCC_1000.rds	9087ae04138b71ab4745600168469277be56be8d01d744d3336ab215b3adf1e3	1000	83	12	20260828	20
gse313006_1000_boot20	gse313006_1000_boot20.rds	9cbec93ec54e5a69ce48a3e71886cf400595805c9ad51b03e64f1b80678058ca	1000	480	12	20260820	20
gse313006_1000_boot100	gse313006_1000_boot100.rds	b39e35014d85fa12f8670690f6b5fee8e56e6959919e300b694270e43cb640af	1000	480	12	20260820	100
lung_paper_THD0008	lung_paper_THD0008.rds	8dc3d05a8902b949444f91d7c73e79c70edb6fe3d3219a49e5d574c49289d4fa	69227	343	46	20260831	20
lung_teacher_THD0008	lung_teacher_THD0008.rds	58357c2466559b692db237a466473a2cc4b57743146ac2329c60d7c86d9458eb	69227	343	46	2	100
lung_paper_THD0011	lung_paper_THD0011.rds	d85791c11595ac40f318d6f94bc985a9fe9c64fc07eebab586f50a8b303ed603	25364	343	42	20260831	20
lung_teacher_THD0011	lung_teacher_THD0011.rds	6e62be9705872454c09ae6e882c9a3c89ece223ad6c3226337db9999c5485fd6	25364	343	42	3	100
lung_paper_TILD028LA	lung_paper_TILD028LA.rds	0f9239fa3b00f602591d48ea27eb79547c33b0ed54fd25e58b2046b6ce88f72e	24813	343	43	20260831	20
lung_teacher_TILD028LA	lung_teacher_TILD028LA.rds	442ef0f60bdff18260cb0ce76a1cdc6ed4f4b5a5ee6be3da026615250d7c6d37	24813	343	43	4	100
lung_paper_TILD049MA	lung_paper_TILD049MA.rds	05e703aa2e6a0a00110a359d05e9bf22dc78deee392a7eabc6b464d1313b4e56	11140	343	44	20260831	20
lung_teacher_TILD049MA	lung_teacher_TILD049MA.rds	9d27ba48bc18b215a090201896f222ec313c7abd571d561216ec8035787b8502	11140	343	44	5	100
lung_paper_TILD080LA	lung_paper_TILD080LA.rds	97856e4448f9668ee91dbac996069cc5a5e3128f0d99f330780271dcd45c85b1	51212	343	44	20260831	20
lung_teacher_TILD080LA	lung_teacher_TILD080LA.rds	4712b84512283c801229a3baf9980585a44bebd16279b6d3edbd57e19077a293	51212	343	44	6	100
lung_paper_TILD111LA	lung_paper_TILD111LA.rds	973b33388dc1900faf9c5df1872214069bb5ff7fb45b53d64d41128fcd8e3932	29566	343	44	20260831	20
lung_teacher_TILD111LA	lung_teacher_TILD111LA.rds	fafa7530694bffe83df57f1fa5c07f65357c904684f034d6246c3dd4dec01f30	29566	343	44	7	100
lung_paper_TILD113LA	lung_paper_TILD113LA.rds	4190898c17bf9aab9d0deaf36fd1588c9d271e3ce20094ac336f524a4cc2753b	24202	343	44	20260831	20
lung_teacher_TILD113LA	lung_teacher_TILD113LA.rds	d9521b849cdf2e8db90ffcf86862ab0f888e379d993162e91e61bfdcb710b189	24202	343	44	8	100
lung_paper_TILD117LA	lung_paper_TILD117LA.rds	a2f612453b86b953a94e72f978f0c82493a2bcf1889b29c1fcda810638893e30	36707	343	44	20260831	20
lung_teacher_TILD117LA	lung_teacher_TILD117LA.rds	091348f98e39a7c7714fecc12f66d86393ac5bc29524f31bbf6af17c71859b0d	36707	343	44	9	100
lung_paper_TILD117MA1	lung_paper_TILD117MA1.rds	138b9339ab8b237b9f3fe330eca1ce672a128a47d16959ecbf25d601a5f45ef4	49231	343	44	20260831	20
lung_teacher_TILD117MA1	lung_teacher_TILD117MA1.rds	eaea5323a15ee8e357ec604b11f51bed764f49ce3f59f004090fab7659410b0f	49231	343	44	10	100
lung_paper_TILD117MA2	lung_paper_TILD117MA2.rds	744d8354f6cfa1444b557eb9ba7244f5e3519c07ff32eafdf4cb11602346d20c	35271	343	45	20260831	20
lung_teacher_TILD117MA2	lung_teacher_TILD117MA2.rds	0065e394a5f9411a47bbf182d083ebf1f23d5bcd37398186f272cb41fb5a4306	35271	343	45	11	100
lung_paper_TILD130LA	lung_paper_TILD130LA.rds	4b20ef894004d27dcdbd606ce760d8785e0f5d278ecbf6d8b77f020f7e69716d	24547	343	44	20260831	20
lung_teacher_TILD130LA	lung_teacher_TILD130LA.rds	f294dd7ae608374c20e1282f13a965828c97b8c4d28bf5e94aa5a377d359dd13	24547	343	44	12	100
lung_paper_TILD167LA	lung_paper_TILD167LA.rds	227f1905517dc2400f70ef0f0f61acc819ee1293dd9d82976ff606ee4276bc2b	15870	343	44	20260831	20
lung_teacher_TILD167LA	lung_teacher_TILD167LA.rds	110996ccc171891e3c6c1c54cf753665b6bd390253384cfca79f3e3179ddf218	15870	343	44	13	100
lung_paper_TILD175MA	lung_paper_TILD175MA.rds	3826384f4d523300e79f157a899f3af79ecf0a0e96ae39d7577b25fa446422e9	35887	343	44	20260831	20
lung_teacher_TILD175MA	lung_teacher_TILD175MA.rds	03cd2370787ebfc33d55d555c61317d232bc5c7dd57bec06900efe281e31e751	35887	343	44	14	100
lung_paper_TILD299MA	lung_paper_TILD299MA.rds	f42cbb666a859d86fe8fa7273f9f6cada7c5c042c1a75cfd3025e7aafb4ddd63	52992	343	46	20260831	20
lung_teacher_TILD299MA	lung_teacher_TILD299MA.rds	429fd3391f34ac4a701f21b3ddc2b553d528e597b9d314d1121647124ed87c11	52992	343	46	15	100
lung_paper_TILD315MA	lung_paper_TILD315MA.rds	2ff3f4f71ad48f7c7f745d6393eff9720c753fb77c83248a9d83da8a8e9b7bac	37361	343	45	20260831	20
lung_teacher_TILD315MA	lung_teacher_TILD315MA.rds	9d04f8ba91bdd8d24853614b0483b53f06d66a06fb92b3ebd52b7d400d183d91	37361	343	45	16	100
lung_paper_VUHD038	lung_paper_VUHD038.rds	7547705d061078a749f83cf71850582d8a1cca633b04203d983addce8c7e6282	5941	343	40	20260831	20
lung_teacher_VUHD038	lung_teacher_VUHD038.rds	f801ee6a7e4ae25b674182bffccb3ec30959bf0247f033f6c2f810a281c37c7c	5941	343	40	17	100
lung_paper_VUHD049	lung_paper_VUHD049.rds	99b9caa1fd7eb0c4db88673b1d38a1e6df89f0d865a7a11245ed8af5d38a9d5b	22688	343	43	20260831	20
lung_teacher_VUHD049	lung_teacher_VUHD049.rds	c47d1d704e33f4a82c6b8ff48d44ad528e4b671e4300d703a4c8351d6304d601	22688	343	43	18	100
lung_paper_VUHD069	lung_paper_VUHD069.rds	ca786abe5b6a2e576433be84466bc24fabc2983d96d2f709a69a60d8036c0f3e	19976	343	43	20260831	20
lung_teacher_VUHD069	lung_teacher_VUHD069.rds	05c8bf9b48ec2fc97db545c126d219e4dfad698904cde27b8c3978df51cf3cb8	19976	343	43	19	100
lung_paper_VUHD090	lung_paper_VUHD090.rds	25c7a8db2acddf0501196c188b458fb097f0abadbf2890f847696156baab6478	16110	343	43	20260831	20
lung_teacher_VUHD090	lung_teacher_VUHD090.rds	60cdfdeee3bdc2c9e74d0d2814bd6b1f205fd95ed3a7925f26a9620232f8d276	16110	343	43	20	100
lung_paper_VUHD095	lung_paper_VUHD095.rds	67009ba464ecea5fceafd6cfc8bf50e714acce08d27702bf9583005d05271469	11442	343	38	20260831	20
lung_teacher_VUHD095	lung_teacher_VUHD095.rds	538159ef74377a8b1d11a16227c5a5f94ad48d7b8b2ca2c94bbd214c8ead8d0e	11442	343	38	21	100
lung_paper_VUHD113	lung_paper_VUHD113.rds	fc338c68ddd454fe39e3e7f1770ecf712b5985f07e4efddaf831f5d976ee8ae8	12870	343	35	20260831	20
lung_teacher_VUHD113	lung_teacher_VUHD113.rds	bacf406a76dc31bc04fa7cb2151c4f35ac8fd1bcc7a4f01e5b223f3e915d26c4	12870	343	35	22	100
lung_paper_VUHD116A	lung_paper_VUHD116A.rds	2790a8438bda941a72e077b521dcadfbc55201ddfdbf5fefdd1f652ef88f61b6	12372	343	42	20260831	20
lung_teacher_VUHD116A	lung_teacher_VUHD116A.rds	0c4504cf49daa8cfe8f358aaf1010bb7188d36ec5995a0d5ef6f1a33afb3d21b	12372	343	42	23	100
lung_paper_VUHD116B	lung_paper_VUHD116B.rds	94b778babccc56c4606b4c5368937c9af080eeda6110b340677aa33be8294d50	29147	343	39	20260831	20
lung_teacher_VUHD116B	lung_teacher_VUHD116B.rds	09d10a7ffb7e8690970885300b32df54f1ade99abc98b1b26471de92ec38af8b	29147	343	39	24	100
lung_paper_VUILD102LA	lung_paper_VUILD102LA.rds	8c65d9a15bfed21ab3fc200581e9161cdafea3ebaeb12ced4d9ace09cb2ddee1	26364	343	43	20260831	20
lung_teacher_VUILD102LA	lung_teacher_VUILD102LA.rds	465b72fd1505b646b3694af52bd1f66346593663e5fef1961b8499f73c29dfc5	26364	343	43	25	100
lung_paper_VUILD102MA	lung_paper_VUILD102MA.rds	1a2b6de88066d75522b0cca80661eed6f132bb2276833b4a5b4234d3a9d368c7	31517	343	41	20260831	20
lung_teacher_VUILD102MA	lung_teacher_VUILD102MA.rds	cc83930a9c0874ede7809c654a6108c08a4581a066d9672011ac8dcd8e1edd1d	31517	343	41	26	100
lung_paper_VUILD104MA1	lung_paper_VUILD104MA1.rds	96d9978f28568f5d28b374ebea63682a08542f02723404f1c567e3cccb249550	35502	343	44	20260831	20
lung_teacher_VUILD104MA1	lung_teacher_VUILD104MA1.rds	6f3ff37a76d4d958322073f9c60d236589b1c39ad0c3e784fc9493e20bd2ba13	35502	343	44	27	100
lung_paper_VUILD104MA2	lung_paper_VUILD104MA2.rds	45e644591d909a09438eff5d5de88f2b1312fb8587e299c1be0eb92e456890c2	37764	343	45	20260831	20
lung_teacher_VUILD104MA2	lung_teacher_VUILD104MA2.rds	7f5bea186ba0802db6ce83e4541f53c92714944393f08d058379dfce9dab2a64	37764	343	45	28	100
lung_paper_VUILD105MA1	lung_paper_VUILD105MA1.rds	c1149d758a0ab4ffec7fda2f6c5e5221bbaed48734f0f72335d8eb07fcef55a1	21108	343	45	20260831	20
lung_teacher_VUILD105MA1	lung_teacher_VUILD105MA1.rds	5d43cc64138273f1ba260c0b313fa3b39bb304887d2b2c0ce9f0225d2fb82163	21108	343	45	29	100
lung_paper_VUILD105MA2	lung_paper_VUILD105MA2.rds	2873cbf2ca23039162d292ebccd0b92593635d8aa8d41442f04666f5fa2db3da	21178	343	43	20260831	20
lung_teacher_VUILD105MA2	lung_teacher_VUILD105MA2.rds	0ddd7f364bb8dc6ecf4ddbc0e117463205a8b55ca1eb4406a10d2c4bea912406	21178	343	43	30	100
lung_paper_VUILD106MA	lung_paper_VUILD106MA.rds	5576415dc5883dbc5e06fec1de8fb55e21fac9561c103a312f590c871ef540d0	124717	343	47	20260831	20
lung_teacher_VUILD106MA	lung_teacher_VUILD106MA.rds	1b51cbfb1e1b7926f71cb8d15b5703d3fd0dbc6441f696098794196b9a8feabd	124717	343	47	31	100
lung_paper_VUILD107MA	lung_paper_VUILD107MA.rds	3d2dc71b6de0134f7026dd6b97bf5eb73af0ddf1a83de38cfb794f3b6e978cc4	68413	343	46	20260831	20
lung_teacher_VUILD107MA	lung_teacher_VUILD107MA.rds	63d68fa8abc9ffb8c9f345e522d0824dd214bcd6cf128aa1f453737fdf77148f	68413	343	46	32	100
lung_paper_VUILD110LA	lung_paper_VUILD110LA.rds	adf7b02e9abb2708e489ed43d777f1d89f32a23ded63873b39798b16a9307b1f	122815	343	46	20260831	20
lung_teacher_VUILD110LA	lung_teacher_VUILD110LA.rds	e6af1b2bf64cafb21eed0ab119e7a1c88ff52d6f26df373580698335bb16d951	122815	343	46	33	100
lung_paper_VUILD115MA	lung_paper_VUILD115MA.rds	55418b9b1c4716865672a0facce9bdf47c1103d274286e899cd6391cff21c1a1	94540	343	44	20260831	20
lung_teacher_VUILD115MA	lung_teacher_VUILD115MA.rds	7b53c260e539847fc4e414e0ab9afb344dcfda7f2555a45dad11c4e9b4d12237	94540	343	44	34	100
lung_paper_VUILD141MA	lung_paper_VUILD141MA.rds	6b902046b93d9155cb0cafe26b38c7c04dfff4bc30f85070b8d687a599dc832e	34702	343	43	20260831	20
lung_teacher_VUILD141MA	lung_teacher_VUILD141MA.rds	938f1513918e622a3af53a8b7c8d361daaaaf041bb5153e711f4320c89a52e70	34702	343	43	35	100
lung_paper_VUILD142MA	lung_paper_VUILD142MA.rds	fef76ecde54454663c2c03394b5cd095dc431a8c5a98a9cb5c094e7d25146207	9222	343	40	20260831	20
lung_teacher_VUILD142MA	lung_teacher_VUILD142MA.rds	45bb707545a20b4d332e56462d38dca8ea053f336c35ad9d98450e99ce790936	9222	343	40	36	100
lung_paper_VUILD48LA1	lung_paper_VUILD48LA1.rds	325c6daa8c83d1f9114bbaee593d301ef2fb25015b59d69b5d4e4a3dd7c17450	20819	343	41	20260831	20
lung_teacher_VUILD48LA1	lung_teacher_VUILD48LA1.rds	04e890a3facbb2d8764e5ce429589abe1a3ebc9a8d717ca8dfbf8673a09d3c17	20819	343	41	37	100
lung_paper_VUILD48LA2	lung_paper_VUILD48LA2.rds	63d6b98d59dde37bb74d1686a3bfddac346319393affdb1348bf0917a07c0f47	30302	343	40	20260831	20
lung_teacher_VUILD48LA2	lung_teacher_VUILD48LA2.rds	526aab2c5b68b7d968953bc1eb35aacfd89cdbe335b74b70f8a624a28e1740c3	30302	343	40	38	100
lung_paper_VUILD49LA	lung_paper_VUILD49LA.rds	5bbcfc3e0392e6ba4900a0115816cb69ff6e24476ab8361ea7daebd7c267b9d0	38280	343	41	20260831	20
lung_teacher_VUILD49LA	lung_teacher_VUILD49LA.rds	9c12d058e16c64b45e8dd7e5122d0ce2aae16ddb0b41ad6baec4e0f7a9e4dcbf	38280	343	41	39	100
lung_paper_VUILD58MA	lung_paper_VUILD58MA.rds	e6837c479442bfecc3b1ad23b269c6eb6c1fe8e1b3c6caae34a76602a0b81428	56733	343	44	20260831	20
lung_teacher_VUILD58MA	lung_teacher_VUILD58MA.rds	69ee30c32664b6b8ced7b724b57bbfa120f7b95158c9c509fea1da0ef40d84ff	56733	343	44	40	100
lung_paper_VUILD78LA	lung_paper_VUILD78LA.rds	42fa2ad1c9abf5bcd25f4d203b0dfe639972343bf02d09a9dc65b7e977352ca6	26235	343	44	20260831	20
lung_teacher_VUILD78LA	lung_teacher_VUILD78LA.rds	141b40d573f0b1e7905fa13abb2d3dae3e0008bb988126b393f2e06f7a8a0e85	26235	343	44	41	100
lung_paper_VUILD78MA	lung_paper_VUILD78MA.rds	e8f1f3ed7891fbc8a36d4fa90c14762ce3068ef7b7c068584c9fd880ad1decdf	35306	343	43	20260831	20
lung_teacher_VUILD78MA	lung_teacher_VUILD78MA.rds	d2cb3a9f318a7a1081a8142dbec54f216f373faaaca493bddd96074d1715bbf6	35306	343	43	42	100
lung_paper_VUILD91LA	lung_paper_VUILD91LA.rds	fc5eec090604b4d97644bb3b14bf4fde56534e4eaacc79447af15dae424e7239	15468	343	43	20260831	20
lung_teacher_VUILD91LA	lung_teacher_VUILD91LA.rds	0f9ddb2e59ed1680b5ce0fdbce9ed669dfa7013427b1bdba619a3d3ab81623a6	15468	343	43	43	100
lung_paper_VUILD91MA	lung_paper_VUILD91MA.rds	86cbe063b515be0f985601dcf548eef5f50daa8664f4167dc9d78aca7fd7ebb1	24553	343	41	20260831	20
lung_teacher_VUILD91MA	lung_teacher_VUILD91MA.rds	6f9d5555576831f7cc61dbbd1545f3fe1688e3742022e8da9df51fa49186afd2	24553	343	41	44	100
lung_paper_VUILD96LA	lung_paper_VUILD96LA.rds	97d39f48301d66a4738967ce289012e880b0b148fb0b68f559686453ab71cb8b	44367	343	43	20260831	20
lung_teacher_VUILD96LA	lung_teacher_VUILD96LA.rds	a750f1dc3232457471cf2458d724a1435f513573221c40e5cc83543f1288b587	44367	343	43	45	100
lung_paper_VUILD96MA	lung_paper_VUILD96MA.rds	a3f6a780b8393f7504baef5fb415adfee7f79ede1c723661abcad579c8d8aa59	56478	343	44	20260831	20
lung_teacher_VUILD96MA	lung_teacher_VUILD96MA.rds	ed52c77908d460730a053610cdec29649e2bc6302e081cda7c38b9648f35e0fa	56478	343	44	46	100
lung_signaling_THD0008	lung_signaling_THD0008.rds	57aa4982de5fca3366839412d87f3d1ffee19456ebd336602a7bf953ea724000	69227	99	46	20260831	20
lung_signaling_THD0011	lung_signaling_THD0011.rds	1d846c3d4f5c01801f01cd49f9634444086e49507e83ebf043ea356ac5fb78db	25364	99	42	20260831	20
lung_signaling_TILD028LA	lung_signaling_TILD028LA.rds	cff8ca9d1584811d32aae90556b0ee763c54d4b4f84550f240a260ebbd6f62fb	24813	99	43	20260831	20
lung_signaling_TILD049MA	lung_signaling_TILD049MA.rds	badcdd1e07aff150e3963795b3e241031726c5bf32b78b1d596164ecb345a7cf	11140	99	44	20260831	20
lung_signaling_TILD080LA	lung_signaling_TILD080LA.rds	7778b367d34dc598020631f7f8997648825a01f7652a8d122a8b3b24cb5c0ef6	51212	99	44	20260831	20
lung_signaling_TILD111LA	lung_signaling_TILD111LA.rds	9457e9b5756673d22f16f2a9a89b143bc012675f715898281316ea63be07589e	29566	99	44	20260831	20
lung_signaling_TILD113LA	lung_signaling_TILD113LA.rds	307280157e5c01d1580827f703dcc4f762866ed369caf8203c625ee044aaaf19	24202	99	44	20260831	20
lung_signaling_TILD117LA	lung_signaling_TILD117LA.rds	0fca3b66d76456e5c252de2ecf462da1bf8c4032bc7f81812774e62a10d2717b	36707	99	44	20260831	20
lung_signaling_TILD117MA1	lung_signaling_TILD117MA1.rds	06e644982a79f6a47f0a278192ee8805a4d440466f4701655a097884ef24db29	49231	99	44	20260831	20
lung_signaling_TILD117MA2	lung_signaling_TILD117MA2.rds	f0f64c6a77c0889e2c951644437b3bcb289413a1ca840398be0fa10ae14ec49b	35271	99	45	20260831	20
lung_signaling_TILD130LA	lung_signaling_TILD130LA.rds	1a3020f9696c9d103b08601b75e769177777b1dd55713b6cadf2d037595da293	24547	99	44	20260831	20
lung_signaling_TILD167LA	lung_signaling_TILD167LA.rds	fb9f3064f1416e125c7a5e3edbe483d515369b80335e7929e030b270bdba0010	15870	99	44	20260831	20
lung_signaling_TILD175MA	lung_signaling_TILD175MA.rds	adaccc05c73f8aef23dd462a214b140c06718e24fe7d72cb417addf44a492866	35887	99	44	20260831	20
lung_signaling_TILD299MA	lung_signaling_TILD299MA.rds	f18276638ff9efaceef663569995298586d3d5017bf0a7cc60a3b7d4ef568a24	52992	99	46	20260831	20
lung_signaling_TILD315MA	lung_signaling_TILD315MA.rds	5c63ec3ade7b07a8852834c8262b28732bedb318be965ab5b9619a27cec0e444	37361	99	45	20260831	20
lung_signaling_VUHD038	lung_signaling_VUHD038.rds	74b77eb39a54938adef16ed21dde5b2ebc329d860371e5c2d3f6759fc195c19b	5941	99	40	20260831	20
lung_signaling_VUHD049	lung_signaling_VUHD049.rds	ef041261d04efe07b33e0c8c542bfa7cf915e997c4695e9b140647ccff39d86f	22688	99	43	20260831	20
lung_signaling_VUHD069	lung_signaling_VUHD069.rds	81e4f5195bbfb8abf895bad4b60ef2457ad6019e00dd89ff0e9f84f44a787258	19976	99	43	20260831	20
lung_signaling_VUHD090	lung_signaling_VUHD090.rds	c9b4261095008aef9d86103c2ccc8a397c2356c09ffb1b0a35886e3ced361065	16110	99	43	20260831	20
lung_signaling_VUHD095	lung_signaling_VUHD095.rds	77ef38f137fe95b49354f740e2c562d9416a3f6ab4cb103094f260a3c0048892	11442	99	38	20260831	20
lung_signaling_VUHD113	lung_signaling_VUHD113.rds	0295e717cf31a9310013c99ac1f500e434ed8a97d36a2c13240c632612541fd1	12870	99	35	20260831	20
lung_signaling_VUHD116A	lung_signaling_VUHD116A.rds	142669951f5a5d8389812e0ac95d5a3faaf601edce1c8adf00ad58b1eba3e90f	12372	99	42	20260831	20
lung_signaling_VUHD116B	lung_signaling_VUHD116B.rds	6133d60b9604882c5686e3b6161cdbff2380944212e167ef042b59dc8f52eb6f	29147	99	39	20260831	20
lung_signaling_VUILD102LA	lung_signaling_VUILD102LA.rds	24a8bd826d795866b1504954402077f31821933098d1a6b0cd7a55b61e26ac03	26364	99	43	20260831	20
lung_signaling_VUILD102MA	lung_signaling_VUILD102MA.rds	28f215399db1e178787d31146f6dc1470961bd0802b15d3247f4a5a59fa2ffac	31517	99	41	20260831	20
lung_signaling_VUILD104MA1	lung_signaling_VUILD104MA1.rds	bc78720cef80d96a66f55545d754e31c92c56be259798dad56e88b95f756797e	35502	99	44	20260831	20
lung_signaling_VUILD104MA2	lung_signaling_VUILD104MA2.rds	45f504b153a8a5c4a400e5a7d328eb3783a277e4f110bbac95a9231907696dd7	37764	99	45	20260831	20
lung_signaling_VUILD105MA1	lung_signaling_VUILD105MA1.rds	3f24edb1149a179937263d342b7ff7e44b52847bdbe77d936981dec30aff7645	21108	99	45	20260831	20
lung_signaling_VUILD105MA2	lung_signaling_VUILD105MA2.rds	78ba365fdcaa8f195998d1927301ea9af9fecaf07c8f23d6ce5769c6da917ca8	21178	99	43	20260831	20
lung_signaling_VUILD106MA	lung_signaling_VUILD106MA.rds	035016bb53faa1a1557d4aa3a67f9a6bf8154ac67ef3a6eca7402b0df24d8dbd	124717	99	47	20260831	20
lung_signaling_VUILD107MA	lung_signaling_VUILD107MA.rds	473792455e992886ab2934a0658741c70d741a8dc25ae3a5378604cb245c15f9	68413	99	46	20260831	20
lung_signaling_VUILD110LA	lung_signaling_VUILD110LA.rds	23bc93e3c3dda4002cabd86ec625faa7ea9ed5222507c2dc8dffeb252501dcb3	122815	99	46	20260831	20
lung_signaling_VUILD115MA	lung_signaling_VUILD115MA.rds	97fd289b8e38469175ec3654d8a091d193f30f613e9ee96506bf440afab1a41a	94540	99	44	20260831	20
lung_signaling_VUILD141MA	lung_signaling_VUILD141MA.rds	2b4409bc1d98a3c399cd3c2ff6e4b511d2e2e0448607658d0bd7a7facbccb5bc	34702	99	43	20260831	20
lung_signaling_VUILD142MA	lung_signaling_VUILD142MA.rds	d49e8f321b3251ce5f23125cf236a12622249044dd01d7051e96ed399e20a14e	9222	99	40	20260831	20
lung_signaling_VUILD48LA1	lung_signaling_VUILD48LA1.rds	5ee47320f42e88e4ef53e45d1ede3c24f00c163fc746bb475b723751518567fa	20819	99	41	20260831	20
lung_signaling_VUILD48LA2	lung_signaling_VUILD48LA2.rds	9e38ed1db7e3eee594622be909d28ceab1b96d272b6f2dc1e805048eb7176dfe	30302	99	40	20260831	20
lung_signaling_VUILD49LA	lung_signaling_VUILD49LA.rds	631d7c344653ccec988e540f2c406ba3f1820a431b9277108f3b2b7fadd436ac	38280	99	41	20260831	20
lung_signaling_VUILD58MA	lung_signaling_VUILD58MA.rds	8026093c084a117c4870d393fcfea0d1435be2f2d86c05043347b65a0b9d3519	56733	99	44	20260831	20
lung_signaling_VUILD78LA	lung_signaling_VUILD78LA.rds	0266c4859d8e51c3de7eadc72f6e94606bcf6215c7caecd96d0de270b2e9071f	26235	99	44	20260831	20
lung_signaling_VUILD78MA	lung_signaling_VUILD78MA.rds	231977cb570a9c9948e2886195d7c3bcaf364a98f92ca5680e1633c283f1717a	35306	99	43	20260831	20
lung_signaling_VUILD91LA	lung_signaling_VUILD91LA.rds	7bfec077d3639206d0d36233ddfef10b5715dd3d7066ccf249c106fa95b7641b	15468	99	43	20260831	20
lung_signaling_VUILD91MA	lung_signaling_VUILD91MA.rds	ca7904856287eddb6a974e465dead15eb8244e4f1c2971643dfcad23e6352ca4	24553	99	41	20260831	20
lung_signaling_VUILD96LA	lung_signaling_VUILD96LA.rds	99753425700e46e157996be2bf68d49645fa057f28882c68ade12d128221fab9	44367	99	43	20260831	20
lung_signaling_VUILD96MA	lung_signaling_VUILD96MA.rds	2eb5dae3b928e32badfc1b0aaab8f897c8489b7146d65fe302e297655f9d475e	56478	99	44	20260831	20
