"case"	"comparator"	"comparator_version"	"comparator_commit"	"ESS_version"	"reference_active"	"ESS_active"	"active_jaccard"	"probability_pearson"	"max_probability_difference"	"exact_pvalue_fraction"	"max_pvalue_difference"	"significant_disagreements_lt005"	"significant_disagreements_le005"	"strict_fidelity_pass"	"reference_file"	"reference_md5"
"cosmx_250"	"unmodified_official"	"0.1.0"	"be88f300464cf970b36a6165ea7d2e41a47a7511"	"0.1.4"	1973	1973	1	1	5.96311194867027e-19	1	0	0	0	TRUE	"cells000250_full_spatialcellchat_v3_perm00020"	"afe0ee78a9028bd9e8e99ec72cdaff8d"
"cosmx_1000"	"unmodified_official"	"0.1.0"	"be88f300464cf970b36a6165ea7d2e41a47a7511"	"0.1.4"	5131	5131	1	1	1.73472347597681e-18	1	0	0	0	TRUE	"cells001000_full_spatialcellchat_v3_perm00020"	"2e654438c0899dbcd7a45b06fab5f875"
"cosmx_5000"	"unmodified_official"	"0.1.0"	"be88f300464cf970b36a6165ea7d2e41a47a7511"	"0.1.4"	10478	10478	1	1	2.60208521396521e-18	1	0	0	0	TRUE	"cells005000_full_spatialcellchat_v3_perm00020"	"a42de53ea0f10eac800be027b97dc874"
"cosmx_10000"	"unmodified_official"	"0.1.0"	"be88f300464cf970b36a6165ea7d2e41a47a7511"	"0.1.4"	13164	13164	1	1	3.68628738645072e-18	1	0	0	0	TRUE	"cells010000_full_spatialcellchat_v3_perm00020"	"21fec3bdc663ad5683eb44a826da8c4a"
"cosmx_25000"	"unmodified_official"	"0.1.0"	"be88f300464cf970b36a6165ea7d2e41a47a7511"	"0.1.4"	16310	16310	1	1	7.80625564189563e-18	1	0	0	0	TRUE	"cells025000_full_spatialcellchat_v3_perm00020"	"4e63a0b9c8895ad78eb65a66341e3d8d"
"cosmx_50000"	"unmodified_official"	"0.1.0"	"be88f300464cf970b36a6165ea7d2e41a47a7511"	"0.1.4"	18484	18484	1	1	7.26415455565288e-18	1	0	0	0	TRUE	"cells050000_full_spatialcellchat_v3_perm00020"	"91a0128a84371b592069a1e20fb043c5"
"cervical_center_1000_default"	"dimensions_only_official"	"0.1.0"	"be88f300464cf970b36a6165ea7d2e41a47a7511"	"0.1.4"	6	6	1	1	2.77555756156289e-17	1	0	0	0	TRUE	"default"	"213bb2c9aab377d2b0c7bb371251d8ca"
"cervical_center_1000_relaxed"	"dimensions_only_official"	"0.1.0"	"be88f300464cf970b36a6165ea7d2e41a47a7511"	"0.1.4"	832	832	1	1	5.55111512312578e-17	1	0	0	0	TRUE	"relaxed"	"5732473c2a6d3333a36636d9abfb800c"
"cervical_center_5000_default"	"dimensions_only_official"	"0.1.0"	"be88f300464cf970b36a6165ea7d2e41a47a7511"	"0.1.4"	11	11	1	1	8.32667268468867e-17	1	0	0	0	TRUE	"default"	"47f853141932b3ec9e50e6e4bc94d2dc"
"cervical_center_5000_relaxed"	"dimensions_only_official"	"0.1.0"	"be88f300464cf970b36a6165ea7d2e41a47a7511"	"0.1.4"	2789	2789	1	1	1.94289029309402e-16	1	0	0	0	TRUE	"relaxed"	"d7da778281d3a660b4f3e69bcfdbc439"
"cervical_stratified_1000_default"	"dimensions_only_official"	"0.1.0"	"be88f300464cf970b36a6165ea7d2e41a47a7511"	"0.1.4"	57	57	1	1	1.38777878078145e-17	1	0	0	0	TRUE	"default"	"ffaaae602e1498054d6dfba65d5d68b1"
"cervical_stratified_1000_relaxed"	"dimensions_only_official"	"0.1.0"	"be88f300464cf970b36a6165ea7d2e41a47a7511"	"0.1.4"	364	364	1	1	2.77555756156289e-17	1	0	0	0	TRUE	"relaxed"	"ad14cc2814e9201df4637bb3187b9a8e"
"cervical_stratified_5000_default"	"dimensions_only_official"	"0.1.0"	"be88f300464cf970b36a6165ea7d2e41a47a7511"	"0.1.4"	130	130	1	1	8.32667268468867e-17	1	0	0	0	TRUE	"default"	"8658dfa59de5a3c382256b0028343970"
"cervical_stratified_5000_relaxed"	"dimensions_only_official"	"0.1.0"	"be88f300464cf970b36a6165ea7d2e41a47a7511"	"0.1.4"	1010	1010	1	1	8.32667268468867e-17	1	0	0	0	TRUE	"relaxed"	"ce06cf4e3ce396c0dc844a6d4c3ad692"
"gse306130_6_BCC_1000"	"unmodified_official"	"0.1.0"	"be88f300464cf970b36a6165ea7d2e41a47a7511"	"0.1.4"	934	934	1	1	6.50521303491303e-18	1	0	0	0	TRUE	"cells001000_official_perm00020"	"1a22c5248c24e5efa92b94de0def81af"
"gse306130_35_BCC_1000"	"unmodified_official"	"0.1.0"	"be88f300464cf970b36a6165ea7d2e41a47a7511"	"0.1.4"	1116	1116	1	1	3.46944695195361e-18	1	0	0	0	TRUE	"cells001000_official_perm00020"	"da225f60818bd5aed3f8995bc7e8912d"
"gse306130_35_BCC_5000"	"unmodified_official"	"0.1.0"	"be88f300464cf970b36a6165ea7d2e41a47a7511"	"0.1.4"	1809	1809	1	1	1.56125112837913e-17	1	0	0	0	TRUE	"cells005000_official_perm00020"	"21e995be1eac4700d2a3e72b9ba5808a"
"gse306130_35_BCC_10000"	"unmodified_official"	"0.1.0"	"be88f300464cf970b36a6165ea7d2e41a47a7511"	"0.1.4"	2314	2314	1	1	3.81639164714898e-17	1	0	0	0	TRUE	"cells010000_official_perm00020"	"76bd204170c86d6514ef5ebc05b15231"
"gse306130_35_BCC_25000"	"unmodified_official"	"0.1.0"	"be88f300464cf970b36a6165ea7d2e41a47a7511"	"0.1.4"	3005	3005	1	1	2.29850860566927e-17	1	0	0	0	TRUE	"cells025000_official_perm00020"	"235df2ebfc101bba4f61a9dc4b395de4"
"gse306130_35_BCC_50000"	"unmodified_official"	"0.1.0"	"be88f300464cf970b36a6165ea7d2e41a47a7511"	"0.1.4"	3471	3471	1	1	7.11236625150491e-17	1	0	0	0	TRUE	"cells050000_official_perm00020"	"865c532eceb9d81d59f7c1bb9de3d820"
"gse306130_4_SCC_1000"	"unmodified_official"	"0.1.0"	"be88f300464cf970b36a6165ea7d2e41a47a7511"	"0.1.4"	1150	1150	1	1	3.03576608295941e-18	1	0	0	0	TRUE	"cells001000_official_perm00020"	"aa7de56a820dc33cef82d5af7975161c"
"gse306130_23_SCC_1000"	"unmodified_official"	"0.1.0"	"be88f300464cf970b36a6165ea7d2e41a47a7511"	"0.1.4"	1520	1520	1	1	3.03576608295941e-18	1	0	0	0	TRUE	"cells001000_official_perm00020"	"3e6d6d07cf0c12ae38369606b02d116f"
"gse313006_1000_boot20"	"unmodified_official"	"0.1.0"	"be88f300464cf970b36a6165ea7d2e41a47a7511"	"0.1.4"	655	655	1	1	3.46944695195361e-18	1	0	0	0	TRUE	"cells001000_official_perm00020"	"6071409b377b8fde13962afb08aace0c"
"gse313006_1000_boot100"	"unmodified_official"	"0.1.0"	"be88f300464cf970b36a6165ea7d2e41a47a7511"	"0.1.4"	655	655	1	1	3.46944695195361e-18	1	0	0	0	TRUE	"cells001000_official_perm00100"	"03feeeb45d3e43f3be7e2064296d8109"
"lung_signaling_THD0008"	"unmodified_official"	"0.1.0"	"be88f300464cf970b36a6165ea7d2e41a47a7511"	"0.1.4"	21332	21332	1	1	2.10335221462188e-16	1	0	0	0	TRUE	"THD0008"	"6d638c2864f83755341c5221e306debe"
"lung_signaling_THD0011"	"unmodified_official"	"0.1.0"	"be88f300464cf970b36a6165ea7d2e41a47a7511"	"0.1.4"	9413	9413	1	1	4.64038529823796e-17	1	0	0	0	TRUE	"THD0011"	"88684357141194e14d38166a4c16cd1f"
"lung_signaling_TILD028LA"	"unmodified_official"	"0.1.0"	"be88f300464cf970b36a6165ea7d2e41a47a7511"	"0.1.4"	13630	13630	1	1	5.42101086242752e-17	1	0	0	0	TRUE	"TILD028LA"	"0097c0e5f91598be139c77ee12ac5730"
"lung_signaling_TILD049MA"	"unmodified_official"	"0.1.0"	"be88f300464cf970b36a6165ea7d2e41a47a7511"	"0.1.4"	10924	10924	1	1	1.38777878078145e-17	1	0	0	0	TRUE	"TILD049MA"	"0a8b15f2ee2f090c42b642bbe3ca1f81"
"lung_signaling_TILD080LA"	"unmodified_official"	"0.1.0"	"be88f300464cf970b36a6165ea7d2e41a47a7511"	"0.1.4"	21368	21368	1	1	2.29850860566927e-17	1	0	0	0	TRUE	"TILD080LA"	"c4ac7976b622c101d8a446dee2b0d134"
"lung_signaling_TILD111LA"	"unmodified_official"	"0.1.0"	"be88f300464cf970b36a6165ea7d2e41a47a7511"	"0.1.4"	14289	14289	1	1	5.89805981832114e-17	1	0	0	0	TRUE	"TILD111LA"	"937d93ea18fdd9926ae5a908d6f3f58c"
"lung_signaling_TILD113LA"	"unmodified_official"	"0.1.0"	"be88f300464cf970b36a6165ea7d2e41a47a7511"	"0.1.4"	14923	14923	1	1	2.29850860566927e-17	1	0	0	0	TRUE	"TILD113LA"	"75f708c27746c54836252daef94298c9"
"lung_signaling_TILD117LA"	"dimensions_only_official"	"0.1.0"	"be88f300464cf970b36a6165ea7d2e41a47a7511"	"0.1.4"	21998	21998	1	1	7.80625564189563e-18	1	0	0	0	TRUE	"TILD117LA"	"ae6f5ed0d2e05cb8cfa1ab07686bc862"
"lung_signaling_TILD117MA1"	"unmodified_official"	"0.1.0"	"be88f300464cf970b36a6165ea7d2e41a47a7511"	"0.1.4"	23074	23074	1	1	5.76795555762288e-17	1	0	0	0	TRUE	"TILD117MA1"	"f13074ac080a84e6259e010e46c22d7d"
"lung_signaling_TILD117MA2"	"unmodified_official"	"0.1.0"	"be88f300464cf970b36a6165ea7d2e41a47a7511"	"0.1.4"	20170	20170	1	1	5.89805981832114e-17	1	0	0	0	TRUE	"TILD117MA2"	"37118c81132dddebd25c06d36dd292c5"
"lung_signaling_TILD130LA"	"unmodified_official"	"0.1.0"	"be88f300464cf970b36a6165ea7d2e41a47a7511"	"0.1.4"	17475	17475	1	1	4.98732999343332e-17	1	0	0	0	TRUE	"TILD130LA"	"8c2d1d40c77b9ff272448725e7c60dea"
"lung_signaling_TILD167LA"	"unmodified_official"	"0.1.0"	"be88f300464cf970b36a6165ea7d2e41a47a7511"	"0.1.4"	10769	10769	1	1	2.42861286636753e-17	1	0	0	0	TRUE	"TILD167LA"	"3619c08ba3a718f82c3fbfd8c0a4bf82"
"lung_signaling_TILD175MA"	"unmodified_official"	"0.1.0"	"be88f300464cf970b36a6165ea7d2e41a47a7511"	"0.1.4"	20806	20806	1	1	3.77302356024956e-17	1	0	0	0	TRUE	"TILD175MA"	"3587ba1d16d1abeb4f931c64845bcb84"
"lung_signaling_TILD299MA"	"unmodified_official"	"0.1.0"	"be88f300464cf970b36a6165ea7d2e41a47a7511"	"0.1.4"	23150	23150	1	1	2.08166817117217e-17	1	0	0	0	TRUE	"TILD299MA"	"ff5411b61093fc9b18a0a0d2d2b6bca1"
"lung_signaling_TILD315MA"	"unmodified_official"	"0.1.0"	"be88f300464cf970b36a6165ea7d2e41a47a7511"	"0.1.4"	19394	19394	1	1	1.45716771982052e-16	1	0	0	0	TRUE	"TILD315MA"	"4159ac352bef6184c8805d5a35bcf145"
"lung_signaling_VUHD038"	"unmodified_official"	"0.1.0"	"be88f300464cf970b36a6165ea7d2e41a47a7511"	"0.1.4"	3642	3642	1	1	2.51534904016637e-17	1	0	0	0	TRUE	"VUHD038"	"e1b11b407d6fafc1e9b33c697607a4cc"
"lung_signaling_VUHD049"	"unmodified_official"	"0.1.0"	"be88f300464cf970b36a6165ea7d2e41a47a7511"	"0.1.4"	10448	10448	1	1	3.07913416985883e-17	1	0	0	0	TRUE	"VUHD049"	"48ab6c251b49dac723aff23f3b72c5b6"
"lung_signaling_VUHD069"	"unmodified_official"	"0.1.0"	"be88f300464cf970b36a6165ea7d2e41a47a7511"	"0.1.4"	10229	10229	1	1	3.81639164714898e-17	1	0	0	0	TRUE	"VUHD069"	"8e144fc6b7fcaf315909260d4a254dd1"
"lung_signaling_VUHD090"	"unmodified_official"	"0.1.0"	"be88f300464cf970b36a6165ea7d2e41a47a7511"	"0.1.4"	7662	7662	1	1	3.16587034365767e-17	1	0	0	0	TRUE	"VUHD090"	"609616b64720f9fc3a17e8e5a03d1555"
"lung_signaling_VUHD095"	"unmodified_official"	"0.1.0"	"be88f300464cf970b36a6165ea7d2e41a47a7511"	"0.1.4"	8637	8637	1	1	9.97465998686664e-18	1	0	0	0	TRUE	"VUHD095"	"bb16e3a7af1a04720e68477065a250f8"
"lung_signaling_VUHD113"	"unmodified_official"	"0.1.0"	"be88f300464cf970b36a6165ea7d2e41a47a7511"	"0.1.4"	7407	7407	1	1	3.81639164714898e-17	1	0	0	0	TRUE	"VUHD113"	"641b2c1b21883b1e32e6199898177009"
"lung_signaling_VUHD116A"	"unmodified_official"	"0.1.0"	"be88f300464cf970b36a6165ea7d2e41a47a7511"	"0.1.4"	9328	9328	1	1	1.49619899803e-17	1	0	0	0	TRUE	"VUHD116A"	"4430676b3ca0d389dbe3a56519aecb46"
"lung_signaling_VUHD116B"	"unmodified_official"	"0.1.0"	"be88f300464cf970b36a6165ea7d2e41a47a7511"	"0.1.4"	11119	11119	1	1	3.62123525610158e-17	1	0	0	0	TRUE	"VUHD116B"	"a239b5375a357c8e6118b4b53802536a"
"lung_signaling_VUILD102LA"	"unmodified_official"	"0.1.0"	"be88f300464cf970b36a6165ea7d2e41a47a7511"	"0.1.4"	13822	13822	1	1	4.9439619065339e-17	1	0	0	0	TRUE	"VUILD102LA"	"cf301eb4e91c80bbc152219341f71529"
"lung_signaling_VUILD102MA"	"unmodified_official"	"0.1.0"	"be88f300464cf970b36a6165ea7d2e41a47a7511"	"0.1.4"	14609	14609	1	1	2.64545330086463e-17	1	0	0	0	TRUE	"VUILD102MA"	"412b65f454fc9b39fff1dfff013316d4"
"lung_signaling_VUILD104MA1"	"unmodified_official"	"0.1.0"	"be88f300464cf970b36a6165ea7d2e41a47a7511"	"0.1.4"	18709	18709	1	1	3.55618312575245e-17	1	0	0	0	TRUE	"VUILD104MA1"	"7e92d000d23f8b950be756d734876bcd"
"lung_signaling_VUILD104MA2"	"unmodified_official"	"0.1.0"	"be88f300464cf970b36a6165ea7d2e41a47a7511"	"0.1.4"	18222	18222	1	1	4.03323208164608e-17	1	0	0	0	TRUE	"VUILD104MA2"	"c1e093fb96a9bec070dce4880ea49e92"
"lung_signaling_VUILD105MA1"	"unmodified_official"	"0.1.0"	"be88f300464cf970b36a6165ea7d2e41a47a7511"	"0.1.4"	16171	16171	1	1	2.94902990916057e-17	1	0	0	0	TRUE	"VUILD105MA1"	"fb617972e92116e755bea07941403a58"
"lung_signaling_VUILD105MA2"	"unmodified_official"	"0.1.0"	"be88f300464cf970b36a6165ea7d2e41a47a7511"	"0.1.4"	12269	12269	1	1	2.40692882291782e-17	1	0	0	0	TRUE	"VUILD105MA2"	"e106f7d177aa7e9c3aa473c6f1d88736"
"lung_signaling_VUILD107MA"	"unmodified_official"	"0.1.0"	"be88f300464cf970b36a6165ea7d2e41a47a7511"	"0.1.4"	25700	25700	1	1	5.72458747072346e-17	1	0	0	0	TRUE	"VUILD107MA"	"8a8855c0551d63a7da3bcc6c7741a652"
"lung_signaling_VUILD141MA"	"unmodified_official"	"0.1.0"	"be88f300464cf970b36a6165ea7d2e41a47a7511"	"0.1.4"	10452	10452	1	1	8.02309607639273e-18	1	0	0	0	TRUE	"VUILD141MA"	"733d4d6c02a37ae7adae7ae9ed02f81b"
"lung_signaling_VUILD142MA"	"unmodified_official"	"0.1.0"	"be88f300464cf970b36a6165ea7d2e41a47a7511"	"0.1.4"	3386	3386	1	1	3.90312782094782e-18	0.999704666272888	0.0499999999999999	0	0	FALSE	"VUILD142MA"	"37cef0f712f62039f63c890c5cc947ce"
"lung_signaling_VUILD48LA1"	"unmodified_official"	"0.1.0"	"be88f300464cf970b36a6165ea7d2e41a47a7511"	"0.1.4"	14297	14297	1	1	2.08166817117217e-17	1	0	0	0	TRUE	"VUILD48LA1"	"dc3155303c2d656f11d9d4fdb948b241"
"lung_signaling_VUILD48LA2"	"unmodified_official"	"0.1.0"	"be88f300464cf970b36a6165ea7d2e41a47a7511"	"0.1.4"	16153	16153	1	1	2.29850860566927e-17	1	0	0	0	TRUE	"VUILD48LA2"	"04010f55f0f766fb3127c4c527ce0245"
"lung_signaling_VUILD49LA"	"unmodified_official"	"0.1.0"	"be88f300464cf970b36a6165ea7d2e41a47a7511"	"0.1.4"	14951	14951	1	1	1.24032728532342e-16	1	0	0	0	TRUE	"VUILD49LA"	"e8b5b5491f8dedd62c196fcd16c5f0a8"
"lung_signaling_VUILD58MA"	"unmodified_official"	"0.1.0"	"be88f300464cf970b36a6165ea7d2e41a47a7511"	"0.1.4"	15682	15682	1	1	5.5944832100252e-17	1	0	0	0	TRUE	"VUILD58MA"	"0bf43a8e3da8377d15da2a606db220bb"
"lung_signaling_VUILD78LA"	"unmodified_official"	"0.1.0"	"be88f300464cf970b36a6165ea7d2e41a47a7511"	"0.1.4"	12981	12981	1	1	2.29850860566927e-17	1	0	0	0	TRUE	"VUILD78LA"	"5fb9aff7fa54f2eb9ff2f6e381759fbb"
"lung_signaling_VUILD78MA"	"unmodified_official"	"0.1.0"	"be88f300464cf970b36a6165ea7d2e41a47a7511"	"0.1.4"	13616	13616	1	1	1.38777878078145e-17	1	0	0	0	TRUE	"VUILD78MA"	"4ab06828028aed49dcd2b7ec0fa3d359"
"lung_signaling_VUILD91LA"	"unmodified_official"	"0.1.0"	"be88f300464cf970b36a6165ea7d2e41a47a7511"	"0.1.4"	13280	13280	1	1	1.01915004213637e-17	1	0	0	0	TRUE	"VUILD91LA"	"a8148610f9b40f50595121e586040877"
"lung_signaling_VUILD91MA"	"unmodified_official"	"0.1.0"	"be88f300464cf970b36a6165ea7d2e41a47a7511"	"0.1.4"	14000	14000	1	1	1.36609473733174e-17	1	0	0	0	TRUE	"VUILD91MA"	"448cb48b1b80c6750e507f0cf7c0d347"
"lung_signaling_VUILD96LA"	"unmodified_official"	"0.1.0"	"be88f300464cf970b36a6165ea7d2e41a47a7511"	"0.1.4"	19322	19322	1	1	5.3776427755281e-17	1	0	0	0	TRUE	"VUILD96LA"	"caa520ea6aedff03643aeada1a148de2"
"lung_signaling_VUILD96MA"	"unmodified_official"	"0.1.0"	"be88f300464cf970b36a6165ea7d2e41a47a7511"	"0.1.4"	16602	16602	1	1	3.68628738645072e-17	1	0	0	0	TRUE	"VUILD96MA"	"4a0578a409929443ee1bcd794e3fb4e6"
