"file"	"md5"
"multisample.R"	"5bffbc01532d1b8c1f0ee49cbfbcf449"
"sample_metadata_from_rds.tsv"	"8b662edfca21907085fe07d36d36015f"
"THD0008.rds"	"a232c3e6907633705aa70286c8ebef63"
"THD0011.rds"	"155a97b758b1c747c282a0638a913659"
"TILD028LA.rds"	"4722fb5fce668413ee91dfc472395533"
"TILD049MA.rds"	"4cc3536c713889ba290602efb5ebc27f"
"TILD080LA.rds"	"6b51928c23898b3f35ede4669dbc9047"
"TILD111LA.rds"	"ecdfb07895da4cd3e82f61ae8c9f9143"
"TILD113LA.rds"	"e7115b4450256ae3cc63dc0a5b1fbbee"
"TILD117LA.rds"	"08e59c8e4e475b903afc361e30b02ed9"
"TILD117MA1.rds"	"779d0660e307fa127d858318a3f6a06e"
"TILD117MA2.rds"	"36ff5c0082e324e32d7a704820d53259"
"TILD130LA.rds"	"b6ebc5a2526c92b282650485ef25ccef"
"TILD167LA.rds"	"92bea6e9c8c7e8a6ff991105ff528154"
"TILD175MA.rds"	"c5d7481c8840d92d1868399e943cecd1"
"TILD299MA.rds"	"4d4cd434e1eb23124282f96c66a927bd"
"TILD315MA.rds"	"3160c81ebe6137c631e154b6de650e09"
"VUHD038.rds"	"51a43f0cbd588a477d21297f2a6f1974"
"VUHD049.rds"	"a4afa8c68d6a24b5c46339423ae06e63"
"VUHD069.rds"	"fbd3492700e42fc5639544d4a57043a9"
"VUHD090.rds"	"3921f946d325fbbdbcfc353b2912c0e5"
"VUHD095.rds"	"a7514a7b3e481a5325a1734b484f5306"
"VUHD113.rds"	"64952a760dff1cb8ba3ec73de098aae8"
"VUHD116A.rds"	"d55d839dd695ea0d5f4a05b391b8687b"
"VUHD116B.rds"	"51a1005ee3b36d3d9a3b74affaaffebc"
"VUILD102LA.rds"	"f05ee3e0d62b1a767e5749ca4a524164"
"VUILD102MA.rds"	"007944ffdd654e6b2620bd43f2cc7198"
"VUILD104MA1.rds"	"d5ada007f6c2afc9044ba2bde930bf85"
"VUILD104MA2.rds"	"848bbbac34d5b5b8b305eb7a5a538755"
"VUILD105MA1.rds"	"0b7b9b4cfdb823cacc97399f08b41e75"
"VUILD105MA2.rds"	"cbd32150fa8f7c18c8f84312400a45bc"
"VUILD106MA.rds"	"09f478807889d185af4e6938ff749c3d"
"VUILD107MA.rds"	"f6ee480eda31c0a90390e7e5cb65bb99"
"VUILD110LA.rds"	"c1da56d32c8a999af035de77142cde6f"
"VUILD115MA.rds"	"384c9864fdf7355173b42a9292e4386b"
"VUILD141MA.rds"	"06ce13ece0102c1e24bf6fba4d95acef"
"VUILD142MA.rds"	"0e344457f28d3cc4977060f0bb7077e2"
"VUILD48LA1.rds"	"58c6a1920a3c70aa0582ab0bb7684106"
"VUILD48LA2.rds"	"a18fcbfeb4c68fdbef1658d0e4181f0f"
"VUILD49LA.rds"	"e379b6d91ff5359dc6d1e3223d2a7fa3"
"VUILD58MA.rds"	"288e5e1a53bda6b46ff58a3986a50423"
"VUILD78LA.rds"	"f7f95d0958faaba2c7b43d233a4f6a08"
"VUILD78MA.rds"	"316b8cb3125176779b0356f714d87b16"
"VUILD91LA.rds"	"2b25504fb44fe3c25a7812a4b1c601e8"
"VUILD91MA.rds"	"c8593ab992d2ec9346dd455d89929f1b"
"VUILD96LA.rds"	"199c73c35903cb0b6d12acb907e2047e"
"VUILD96MA.rds"	"c7d0cadfce6b0f53914168261c3c61fc"
